pl_name,pl_letter,hostname,hd_name,hip_name,tic_id,gaia_dr2_id,gaia_dr3_id,default_flag,pl_refname,sy_refname,disc_pubdate,disc_year,discoverymethod,disc_locale,disc_facility,disc_instrument,disc_telescope,disc_refname,ra,rastr,dec,decstr,glon,glat,elon,elat,pl_orbper,pl_orbpererr1,pl_orbpererr2,pl_orbperlim,pl_orbperstr,pl_orblpererr1,pl_orblper,pl_orblpererr2,pl_orblperlim,pl_orblperstr,pl_orbsmax,pl_orbsmaxerr1,pl_orbsmaxerr2,pl_orbsmaxlim,pl_orbsmaxstr,pl_orbincl,pl_orbinclerr1,pl_orbinclerr2,pl_orbincllim,pl_orbinclstr,pl_orbtper,pl_orbtpererr1,pl_orbtpererr2,pl_orbtperlim,pl_orbtperstr,pl_orbeccen,pl_orbeccenerr1,pl_orbeccenerr2,pl_orbeccenlim,pl_orbeccenstr,pl_eqt,pl_eqterr1,pl_eqterr2,pl_eqtlim,pl_eqtstr,pl_occdep,pl_occdeperr1,pl_occdeperr2,pl_occdeplim,pl_occdepstr,pl_insol,pl_insolerr1,pl_insolerr2,pl_insollim,pl_insolstr,pl_dens,pl_denserr1,pl_denserr2,pl_denslim,pl_densstr,pl_trandep,pl_trandeperr1,pl_trandeperr2,pl_trandeplim,pl_trandepstr,pl_tranmid,pl_tranmiderr1,pl_tranmiderr2,pl_tranmidlim,pl_tranmidstr,pl_trandur,pl_trandurerr1,pl_trandurerr2,pl_trandurlim,pl_trandurstr,sy_kmagstr,sy_umag,sy_umagerr1,sy_umagerr2,sy_umagstr,sy_rmag,sy_rmagerr1,sy_rmagerr2,sy_rmagstr,sy_imag,sy_imagerr1,sy_imagerr2,sy_imagstr,sy_zmag,sy_zmagerr1,sy_zmagerr2,sy_zmagstr,sy_w1mag,sy_w1magerr1,sy_w1magerr2,sy_w1magstr,sy_w2mag,sy_w2magerr1,sy_w2magerr2,sy_w2magstr,sy_w3mag,sy_w3magerr1,sy_w3magerr2,sy_w3magstr,sy_w4mag,sy_w4magerr1,sy_w4magerr2,sy_w4magstr,sy_gmag,sy_gmagerr1,sy_gmagerr2,sy_gmagstr,sy_gaiamag,sy_gaiamagerr1,sy_gaiamagerr2,sy_gaiamagstr,sy_tmag,sy_tmagerr1,sy_tmagerr2,sy_tmagstr,pl_controv_flag,pl_tsystemref,st_metratio,st_spectype,sy_kepmag,sy_kepmagerr1,sy_kepmagerr2,sy_kepmagstr,st_rotp,st_rotperr1,st_rotperr2,st_rotplim,st_rotpstr,pl_projobliq,pl_projobliqerr1,pl_projobliqerr2,pl_projobliqlim,pl_projobliqstr,x,y,z,htm20,pl_rvamp,pl_rvamperr1,pl_rvamperr2,pl_rvamplim,pl_rvampstr,pl_radj,pl_radjerr1,pl_radjerr2,pl_radjlim,pl_radjstr,pl_rade,pl_radeerr1,pl_radeerr2,pl_radelim,pl_radestr,pl_ratror,pl_ratrorerr1,pl_ratrorerr2,pl_ratrorlim,pl_ratrorstr,pl_ratdor,pl_trueobliq,pl_trueobliqerr1,pl_trueobliqerr2,pl_trueobliqlim,pl_trueobliqstr,sy_icmag,sy_icmagerr1,sy_icmagerr2,sy_icmagstr,rowupdate,pl_pubdate,st_refname,releasedate,dkin_flag,pl_ratdorerr1,pl_ratdorerr2,pl_ratdorlim,pl_ratdorstr,pl_imppar,pl_impparerr1,pl_impparerr2,pl_impparlim,pl_impparstr,pl_cmassj,pl_cmassjerr1,pl_cmassjerr2,pl_cmassjlim,pl_cmassjstr,pl_cmasse,pl_cmasseerr1,pl_cmasseerr2,pl_cmasselim,pl_cmassestr,pl_massj,pl_massjerr1,pl_massjerr2,pl_massjlim,pl_massjstr,pl_masse,pl_masseerr1,pl_masseerr2,pl_masselim,pl_massestr,pl_bmassj,pl_bmassjerr1,pl_bmassjerr2,pl_bmassjlim,pl_bmassjstr,pl_bmasse,pl_bmasseerr1,pl_bmasseerr2,pl_bmasselim,pl_bmassestr,pl_bmassprov,pl_msinij,pl_msinijerr1,pl_msinijerr2,pl_msinijlim,pl_msinijstr,pl_msinie,pl_msinieerr1,pl_msinieerr2,pl_msinielim,pl_msiniestr,st_teff,st_tefferr1,st_tefferr2,st_tefflim,st_teffstr,st_met,st_meterr1,st_meterr2,st_metlim,st_metstr,st_radv,st_radverr1,st_radverr2,st_radvlim,st_radvstr,st_vsin,st_vsinerr1,st_vsinerr2,st_vsinlim,st_vsinstr,st_lum,st_lumerr1,st_lumerr2,st_lumlim,st_lumstr,st_logg,st_loggerr1,st_loggerr2,st_logglim,st_loggstr,st_age,st_ageerr1,st_ageerr2,st_agelim,st_agestr,st_mass,st_masserr1,st_masserr2,st_masslim,st_massstr,st_dens,st_denserr1,st_denserr2,st_denslim,st_densstr,st_rad,st_raderr1,st_raderr2,st_radlim,st_radstr,ttv_flag,ptv_flag,tran_flag,rv_flag,ast_flag,obm_flag,micro_flag,etv_flag,ima_flag,pul_flag,soltype,sy_snum,sy_pnum,sy_mnum,cb_flag,st_nphot,st_nrvc,st_nspec,pl_nespec,pl_ntranspec,pl_ndispec,pl_nnotes,sy_pm,sy_pmerr1,sy_pmerr2,sy_pmstr,sy_pmra,sy_pmraerr1,sy_pmraerr2,sy_pmrastr,sy_pmdec,sy_pmdecerr1,sy_pmdecerr2,sy_pmdecstr,sy_plx,sy_plxerr1,sy_plxerr2,sy_plxstr,sy_dist,sy_disterr1,sy_disterr2,sy_diststr,sy_bmag,sy_bmagerr1,sy_bmagerr2,sy_bmagstr,sy_vmag,sy_vmagerr1,sy_vmagerr2,sy_vmagstr,sy_jmag,sy_jmagerr1,sy_jmagerr2,sy_jmagstr,sy_hmag,sy_hmagerr1,sy_hmagerr2,sy_hmagstr,sy_kmag,sy_kmagerr1,sy_kmagerr2
"KOI-351 f","f","KOI-351",,,"TIC 267667295","Gaia DR2 2132193431285570304","Gaia DR3 2132193431285570304",1,"<a refstr=CABRERA_ET_AL__2014 href=https://ui.adsabs.harvard.edu/abs/2014ApJ...781...18C/abstract target=ref> Cabrera et al. 2014 </a>","<a refstr=STASSUN_ET_AL__2019 href=https://ui.adsabs.harvard.edu/abs/2019AJ....158..138S/abstract target=ref>TICv8</a>","2014-01",2013,"Transit","Space","Kepler","Kepler CCD Array","0.95 m Kepler Telescope","<a refstr=CABRERA_ET_AL__2014 href=https://ui.adsabs.harvard.edu/abs/2014ApJ...781...18C/abstract target=ref> Cabrera et al. 2014 </a>",284.4334642,"18h57m44.03s",49.3051239,"+49d18m18.45s",79.26947,19.25567,300.32939,71.22769,124.91440000000,0.00190000000,-0.00190000000,0,"124.9144&plusmn;0.0019",,,,,,0.4800000000,0.0900000000,-0.0900000000,0,"0.48&plusmn;0.09",89.77000,0.31000,-0.31000,0,"89.77&plusmn;0.31",,,,,,,,,,,,,,,,,,,,,,,,,,,,,,,,,,,,2455087.70400000,0.01400000,-0.01400000,0,"2455087.704&plusmn;0.014",10.9400000,0.2500000,-0.2500000,0,"10.94&plusmn;0.25","12.482&plusmn;0.024",,,,,,,,,,,,,,,,,12.4380000,0.0230000,-0.0230000,"12.438&plusmn;0.023",12.4760000,0.0230000,-0.0230000,"12.476&plusmn;0.023",12.5130000,0.2770000,-0.2770000,"12.513&plusmn;0.277",9.5880000,,,"9.588",,,,,13.7397000,0.0002170,-0.0002170,"13.739700&plusmn;0.000217",13.3396000,0.0082000,-0.0082000,"13.3396&plusmn;0.0082",0,"HJD","[M/H]",,13.804,,,"13.804",,,,,,,,,,,0.16252225015565333,-0.63145104660463824,0.75819264962557520,-419849693,,,,,,0.25700000,0.04600000,-0.04600000,0,"0.257&plusmn;0.046",2.88000000,0.52000000,-0.52000000,0,"2.88&plusmn;0.52",0.02200000,0.00220000,-0.00220000,0,"0.0220&plusmn;0.0022",86.400000,,,,,,,,,,"2014-05-14","2014-01","<a refstr=CABRERA_ET_AL__2014 href=https://ui.adsabs.harvard.edu/abs/2014ApJ...781...18C/abstract target=ref> Cabrera et al. 2014 </a>","2014-05-14",0,9.700000,-9.700000,0,"86.4&plusmn;9.7",0.350000,0.400000,-0.400000,0,"0.35&plusmn;0.40",,,,,,,,,,,,,,,,,,,,,,,,,,,,,,,,,,,,,,,,,,6080.00,260.00,-170.00,0,"<div><span class="supersubNumber">6080</span> <span class="superscript">+260</span><span class="subscript">-170</span> </div>",-0.1200,0.1800,-0.1800,0,"-0.12&plusmn;0.18",,,,,,4.6000,2.1000,-2.1000,0,"4.6&plusmn;2.1",,,,,,4.400000,,,0,"4.4",,,,,,1.200000,0.100000,-0.100000,0,"1.2&plusmn;0.1",,,,,,1.200000,0.100000,-0.100000,0,"1.2&plusmn;0.1",0,0,1,0,0,0,0,0,0,0,"Published Confirmed",1,8,0,0,0,0,0,0,0,0,0,5.4320160,0.0289553,-0.0289553,"5.4320160&plusmn;0.0289553",-4.3791700,0.0295063,-0.0295063,"-4.3791700&plusmn;0.0295063",-3.2139800,0.0279036,-0.0279036,"-3.2139800&plusmn;0.0279036",1.1500700,0.0149210,-0.0149210,"1.150070&plusmn;0.014921",848.25400000,10.81850000,-10.81850000,"848.2540&plusmn;10.8185",14.6040000,0.0090000,-0.0090000,"14.604&plusmn;0.009",13.8830000,0.0690000,-0.0690000,"13.883&plusmn;0.069",12.7900000,0.0290000,-0.0290000,"12.790&plusmn;0.029",12.5310000,0.0330000,-0.0330000,"12.531&plusmn;0.033",12.4820000,0.0240000,-0.0240000
"KOI-351 e","e","KOI-351",,,"TIC 267667295","Gaia DR2 2132193431285570304","Gaia DR3 2132193431285570304",0,"<a refstr=BERGER_ET_AL__2018 href=https://ui.adsabs.harvard.edu/abs/2018ApJ...866...99B/abstract target=ref>Berger et al. 2018</a>","<a refstr=STASSUN_ET_AL__2019 href=https://ui.adsabs.harvard.edu/abs/2019AJ....158..138S/abstract target=ref>TICv8</a>","2014-01",2013,"Transit","Space","Kepler","Kepler CCD Array","0.95 m Kepler Telescope","<a refstr=CABRERA_ET_AL__2014 href=https://ui.adsabs.harvard.edu/abs/2014ApJ...781...18C/abstract target=ref> Cabrera et al. 2014 </a>",284.4334642,"18h57m44.03s",49.3051239,"+49d18m18.45s",79.26947,19.25567,300.32939,71.22769,,,,,,,,,,,,,,,,,,,,,,,,,,,,,,,,,,,,,,,,,10.2280,0.3490,-0.3360,0,"<div><span class="supersubNumber">10.228</span><span class="superscript">+0.349</span><span class="subscript">-0.336</span></div>",,,,,,,,,,,,,,,,,,,,,"12.482&plusmn;0.024",,,,,,,,,,,,,,,,,12.4380000,0.0230000,-0.0230000,"12.438&plusmn;0.023",12.4760000,0.0230000,-0.0230000,"12.476&plusmn;0.023",12.5130000,0.2770000,-0.2770000,"12.513&plusmn;0.277",9.5880000,,,"9.588",,,,,13.7397000,0.0002170,-0.0002170,"13.739700&plusmn;0.000217",13.3396000,0.0082000,-0.0082000,"13.3396&plusmn;0.0082",0,,,,13.804,,,"13.804",,,,,,,,,,,0.16252225015565333,-0.63145104660463824,0.75819264962557520,-419849693,,,,,,0.23606031,0.01293603,-0.01079490,0,"<div><span class="supersubNumber">0.2361</span><span class="superscript">+0.0129</span><span class="subscript">-0.0108</span></div>",2.64600000,0.14500000,-0.12100000,0,"<div><span class="supersubNumber">2.646</span><span class="superscript">+0.145</span><span class="subscript">-0.121</span></div>",,,,,,,,,,,,,,,,"2018-09-04","2018-10","<a refstr=BERGER_ET_AL__2018 href=https://ui.adsabs.harvard.edu/abs/2018ApJ...866...99B/abstract target=ref>Berger et al. 2018</a>","2018-09-06",0,,,,,,,,,,,,,,,,,,,,,,,,,,,,,,,,,,,,,,,,,,,,,,,,,,,6015.00,120.00,-120.00,0,"6015&plusmn;120",,,,,,,,,,,,,,,,,,,,,,,,,,,,,,,,,,,,,,,,,1.211000,0.054000,-0.051000,0,"<div><span class="supersubNumber">1.211</span><span class="superscript">+0.054</span><span class="subscript">-0.051</span></div>",0,0,1,0,0,0,0,0,0,0,"Published Confirmed",1,8,0,0,0,0,0,0,0,0,0,5.4320160,0.0289553,-0.0289553,"5.4320160&plusmn;0.0289553",-4.3791700,0.0295063,-0.0295063,"-4.3791700&plusmn;0.0295063",-3.2139800,0.0279036,-0.0279036,"-3.2139800&plusmn;0.0279036",1.1500700,0.0149210,-0.0149210,"1.150070&plusmn;0.014921",848.25400000,10.81850000,-10.81850000,"848.2540&plusmn;10.8185",14.6040000,0.0090000,-0.0090000,"14.604&plusmn;0.009",13.8830000,0.0690000,-0.0690000,"13.883&plusmn;0.069",12.7900000,0.0290000,-0.0290000,"12.790&plusmn;0.029",12.5310000,0.0330000,-0.0330000,"12.531&plusmn;0.033",12.4820000,0.0240000,-0.0240000
"KOI-351 e","e","KOI-351",,,"TIC 267667295","Gaia DR2 2132193431285570304","Gaia DR3 2132193431285570304",0,"<a refstr=HOLCZER_ET_AL__2016 href=https://ui.adsabs.harvard.edu/abs/2016ApJS..225....9H/abstract target=ref>Holczer et al. 2016</a>","<a refstr=STASSUN_ET_AL__2019 href=https://ui.adsabs.harvard.edu/abs/2019AJ....158..138S/abstract target=ref>TICv8</a>","2014-01",2013,"Transit","Space","Kepler","Kepler CCD Array","0.95 m Kepler Telescope","<a refstr=CABRERA_ET_AL__2014 href=https://ui.adsabs.harvard.edu/abs/2014ApJ...781...18C/abstract target=ref> Cabrera et al. 2014 </a>",284.4334642,"18h57m44.03s",49.3051239,"+49d18m18.45s",79.26947,19.25567,300.32939,71.22769,91.93933735000,0.00000950000,-0.00000950000,0,"91.93933735&plusmn;0.00000950",,,,,,,,,,,,,,,,,,,,,,,,,,,,,,,,,,,,,,,,,,,,,,0.04730000,,,0,"0.0473",2454967.30767800,0.00783500,-0.00783500,0,"2454967.307678&plusmn;0.007835",9.0128000,,,0,"9.0128","12.482&plusmn;0.024",,,,,,,,,,,,,,,,,12.4380000,0.0230000,-0.0230000,"12.438&plusmn;0.023",12.4760000,0.0230000,-0.0230000,"12.476&plusmn;0.023",12.5130000,0.2770000,-0.2770000,"12.513&plusmn;0.277",9.5880000,,,"9.588",,,,,13.7397000,0.0002170,-0.0002170,"13.739700&plusmn;0.000217",13.3396000,0.0082000,-0.0082000,"13.3396&plusmn;0.0082",0,"BJD","[M/H]",,13.804,,,"13.804",,,,,,,,,,,0.16252225015565333,-0.63145104660463824,0.75819264962557520,-419849693,,,,,,,,,,,,,,,,,,,,,,,,,,,,,,,"2016-07-26","2016-07","<a refstr=STASSUN_ET_AL__2019 href=https://ui.adsabs.harvard.edu/abs/2019AJ....158..138S/abstract target=ref>TICv8</a>","2016-07-28",0,,,,,,,,,,,,,,,,,,,,,,,,,,,,,,,,,,,,,,,,,,,,,,,,,,,6031.13,34.68,-34.68,0,"6031.13&plusmn;34.68",0.0830,0.0330,-0.0330,0,"0.0830&plusmn;0.0330",,,,,,,,,,,0.26853,,,0,"0.2685314",4.295040,,,0,"4.29504",,,,,,1.120000,,,0,"1.12",0.812869,,,0,"0.8128692",1.247730,,,0,"1.24773",0,0,1,0,0,0,0,0,0,0,"Published Confirmed",1,8,0,0,0,0,0,0,0,0,0,5.4320160,0.0289553,-0.0289553,"5.4320160&plusmn;0.0289553",-4.3791700,0.0295063,-0.0295063,"-4.3791700&plusmn;0.0295063",-3.2139800,0.0279036,-0.0279036,"-3.2139800&plusmn;0.0279036",1.1500700,0.0149210,-0.0149210,"1.150070&plusmn;0.014921",848.25400000,10.81850000,-10.81850000,"848.2540&plusmn;10.8185",14.6040000,0.0090000,-0.0090000,"14.604&plusmn;0.009",13.8830000,0.0690000,-0.0690000,"13.883&plusmn;0.069",12.7900000,0.0290000,-0.0290000,"12.790&plusmn;0.029",12.5310000,0.0330000,-0.0330000,"12.531&plusmn;0.033",12.4820000,0.0240000,-0.0240000
"KOI-351 d","d","KOI-351",,,"TIC 267667295","Gaia DR2 2132193431285570304","Gaia DR3 2132193431285570304",1,"<a refstr=CABRERA_ET_AL__2014 href=https://ui.adsabs.harvard.edu/abs/2014ApJ...781...18C/abstract target=ref> Cabrera et al. 2014 </a>","<a refstr=STASSUN_ET_AL__2019 href=https://ui.adsabs.harvard.edu/abs/2019AJ....158..138S/abstract target=ref>TICv8</a>","2014-01",2013,"Transit","Space","Kepler","Kepler CCD Array","0.95 m Kepler Telescope","<a refstr=CABRERA_ET_AL__2014 href=https://ui.adsabs.harvard.edu/abs/2014ApJ...781...18C/abstract target=ref> Cabrera et al. 2014 </a>",284.4334642,"18h57m44.03s",49.3051239,"+49d18m18.45s",79.26947,19.25567,300.32939,71.22769,59.73667000000,0.00038000000,-0.00038000000,0,"59.73667&plusmn;0.00038",,,,,,0.3200000000,0.0500000000,-0.0500000000,0,"0.32&plusmn;0.05",89.71000,0.29000,-0.29000,0,"89.71&plusmn;0.29",,,,,,,,,,,,,,,,,,,,,,,,,,,,,,,,,,,,2454991.96560000,0.00420000,-0.00420000,0,"2454991.9656&plusmn;0.0042",8.4000000,0.1900000,-0.1900000,0,"8.40&plusmn;0.19","12.482&plusmn;0.024",,,,,,,,,,,,,,,,,12.4380000,0.0230000,-0.0230000,"12.438&plusmn;0.023",12.4760000,0.0230000,-0.0230000,"12.476&plusmn;0.023",12.5130000,0.2770000,-0.2770000,"12.513&plusmn;0.277",9.5880000,,,"9.588",,,,,13.7397000,0.0002170,-0.0002170,"13.739700&plusmn;0.000217",13.3396000,0.0082000,-0.0082000,"13.3396&plusmn;0.0082",0,"HJD","[M/H]",,13.804,,,"13.804",,,,,,,,,,,0.16252225015565333,-0.63145104660463824,0.75819264962557520,-419849693,,,,,,0.25600000,0.02700000,-0.02700000,0,"0.256&plusmn;0.027",2.87000000,0.30000000,-0.30000000,0,"2.87&plusmn;0.30",0.02190000,0.00050000,-0.00050000,0,"0.0219&plusmn;0.0005",56.100000,,,,,,,,,,"2014-05-14","2014-01","<a refstr=CABRERA_ET_AL__2014 href=https://ui.adsabs.harvard.edu/abs/2014ApJ...781...18C/abstract target=ref> Cabrera et al. 2014 </a>","2014-05-14",0,4.800000,-4.800000,0,"56.1&plusmn;4.8",0.280000,0.250000,-0.250000,0,"0.28&plusmn;0.25",,,,,,,,,,,,,,,,,,,,,,,,,,,,,,,,,,,,,,,,,,6080.00,260.00,-170.00,0,"<div><span class="supersubNumber">6080</span> <span class="superscript">+260</span><span class="subscript">-170</span> </div>",-0.1200,0.1800,-0.1800,0,"-0.12&plusmn;0.18",,,,,,4.6000,2.1000,-2.1000,0,"4.6&plusmn;2.1",,,,,,4.400000,,,0,"4.4",,,,,,1.200000,0.100000,-0.100000,0,"1.2&plusmn;0.1",,,,,,1.200000,0.100000,-0.100000,0,"1.2&plusmn;0.1",0,0,1,0,0,0,0,0,0,0,"Published Confirmed",1,8,0,0,0,0,0,0,0,0,0,5.4320160,0.0289553,-0.0289553,"5.4320160&plusmn;0.0289553",-4.3791700,0.0295063,-0.0295063,"-4.3791700&plusmn;0.0295063",-3.2139800,0.0279036,-0.0279036,"-3.2139800&plusmn;0.0279036",1.1500700,0.0149210,-0.0149210,"1.150070&plusmn;0.014921",848.25400000,10.81850000,-10.81850000,"848.2540&plusmn;10.8185",14.6040000,0.0090000,-0.0090000,"14.604&plusmn;0.009",13.8830000,0.0690000,-0.0690000,"13.883&plusmn;0.069",12.7900000,0.0290000,-0.0290000,"12.790&plusmn;0.029",12.5310000,0.0330000,-0.0330000,"12.531&plusmn;0.033",12.4820000,0.0240000,-0.0240000
"KOI-351 d","d","KOI-351",,,"TIC 267667295","Gaia DR2 2132193431285570304","Gaia DR3 2132193431285570304",0,"<a refstr=Q1_Q12_KOI_TABLE href=https://exoplanetarchive.ipac.caltech.edu/docs/Kepler_KOI_docs.html target=ref>Q1-Q12 KOI Table</a>","<a refstr=STASSUN_ET_AL__2019 href=https://ui.adsabs.harvard.edu/abs/2019AJ....158..138S/abstract target=ref>TICv8</a>","2014-01",2013,"Transit","Space","Kepler","Kepler CCD Array","0.95 m Kepler Telescope","<a refstr=CABRERA_ET_AL__2014 href=https://ui.adsabs.harvard.edu/abs/2014ApJ...781...18C/abstract target=ref> Cabrera et al. 2014 </a>",284.4334642,"18h57m44.03s",49.3051239,"+49d18m18.45s",79.26947,19.25567,300.32939,71.22769,59.73703480000,0.00026430000,-0.00026430000,0,"59.7370348&plusmn;0.0002643",,,,0,,0.2960000000,,,0,".296",89.95000,,,0,"89.95",,,,,,0.000000,,,0,"0",519.00,,,0,"519",,,,,,17.1800,20.2100,-6.0600,0,"<div><span class="supersubNumber">17.18</span> <span class="superscript">+20.21</span><span class="subscript">-6.06</span> </div>",,,,,,0.05778000,0.00146000,-0.00146000,0,"0.05778&plusmn0.00146",2454991.96124000,0.00298000,-0.00298000,0,"2454991.961&plusmn;0.00298",8.0155000,0.0987000,-0.0987000,0,"8.0155&plusmn;0.0987","12.482&plusmn;0.024",,,,,,,,,,,,,,,,,12.4380000,0.0230000,-0.0230000,"12.438&plusmn;0.023",12.4760000,0.0230000,-0.0230000,"12.476&plusmn;0.023",12.5130000,0.2770000,-0.2770000,"12.513&plusmn;0.277",9.5880000,,,"9.588",,,,,13.7397000,0.0002170,-0.0002170,"13.739700&plusmn;0.000217",13.3396000,0.0082000,-0.0082000,"13.3396&plusmn;0.0082",0,"BJD","[Fe/H]",,13.804,,,"13.804",,,,,,,,,,,0.16252225015565333,-0.63145104660463824,0.75819264962557520,-419849693,,,,,,0.22749615,0.08742989,-0.03033282,0,"<div><span class="supersubNumber">0.227</span><span class="superscript">+0.087</span><span class="subscript">-0.030</span></div>",2.55000000,0.98000000,-0.34000000,0,"<div><span class="supersubNumber">2.55</span> <span class="superscript">+0.98</span><span class="subscript">-0.34</span> </div>",0.02212500,0.00058500,-0.00029300,0,"<div><span class="supersubNumber">0.022125</span> <span class="superscript">+0.000585</span><span class="subscript">-0.000293</span> </div>",58.152000,,,,,,,,,,"2014-11-18","2014-12-04","<a refstr=Q1_Q12_KOI_TABLE href=https://exoplanetarchive.ipac.caltech.edu/docs/Kepler_KOI_docs.html target=ref>Q1-Q12 KOI Table</a>","2014-11-18",0,0.514000,-0.514000,0,"58.152&plusmn;0.514",0.040400,0.377700,-0.040400,0,"<div><span class="supersubNumber">0.0404</span> <span class="superscript">+0.3777</span><span class="subscript">-0.0404</span> </div>",,,,,,,,,,,,,,,,,,,,,,,,,,,,,,,,,,,,,,,,,,6238.00,195.00,-227.00,0,"<div><span class="supersubNumber">6238.00</span> <span class="superscript">+195.00</span><span class="subscript">-227.00</span> </div>",-0.4000,0.2800,-0.3000,0,"<div><span class="supersubNumber">-0.400</span> <span class="superscript">+0.280</span><span class="subscript">-0.300</span> </div>",,,,,,,,,,,,,,,,4.378000,0.099000,-0.264000,0,"<div><span class="supersubNumber">4.378</span> <span class="superscript">+0.099</span><span class="subscript">-0.264</span> </div>",,,,0,,0.967000,0.144000,-0.112000,0,"<div><span class="supersubNumber">0.9670</span> <span class="superscript">+0.1440</span><span class="subscript">-0.1120</span> </div>",1.042450,0.009220,-0.329490,0,"<div><span class="supersubNumber">1.04245</span> <span class="superscript">+0.00922</span><span class="subscript">-0.32949</span> </div>",1.054000,0.408000,-0.141000,0,"<div><span class="supersubNumber">1.0540</span> <span class="superscript">+0.4080</span><span class="subscript">-0.1410</span> </div>",0,0,1,0,0,0,0,0,0,0,"Kepler Project Candidate (q1_q12_koi)",1,8,0,0,0,0,0,0,0,0,0,5.4320160,0.0289553,-0.0289553,"5.4320160&plusmn;0.0289553",-4.3791700,0.0295063,-0.0295063,"-4.3791700&plusmn;0.0295063",-3.2139800,0.0279036,-0.0279036,"-3.2139800&plusmn;0.0279036",1.1500700,0.0149210,-0.0149210,"1.150070&plusmn;0.014921",848.25400000,10.81850000,-10.81850000,"848.2540&plusmn;10.8185",14.6040000,0.0090000,-0.0090000,"14.604&plusmn;0.009",13.8830000,0.0690000,-0.0690000,"13.883&plusmn;0.069",12.7900000,0.0290000,-0.0290000,"12.790&plusmn;0.029",12.5310000,0.0330000,-0.0330000,"12.531&plusmn;0.033",12.4820000,0.0240000,-0.0240000
"KOI-351 c","c","KOI-351",,,"TIC 267667295","Gaia DR2 2132193431285570304","Gaia DR3 2132193431285570304",0,"<a refstr=WEISS_ET_AL__2024 href=https://ui.adsabs.harvard.edu/abs/2024ApJS..270....8W/abstract target=ref>Weiss et al. 2024</a>","<a refstr=STASSUN_ET_AL__2019 href=https://ui.adsabs.harvard.edu/abs/2019AJ....158..138S/abstract target=ref>TICv8</a>","2014-01",2013,"Transit","Space","Kepler","Kepler CCD Array","0.95 m Kepler Telescope","<a refstr=CABRERA_ET_AL__2014 href=https://ui.adsabs.harvard.edu/abs/2014ApJ...781...18C/abstract target=ref> Cabrera et al. 2014 </a>",284.4334642,"18h57m44.03s",49.3051239,"+49d18m18.45s",79.26947,19.25567,300.32939,71.22769,8.71982853000,,,0,"8.71982853",,,,,,0.0857942931,,,0,"0.08579429312",,,,,,,,,,,0.000000,,,0,"0",,,,,,,,,,,,,,,,,,,,,,,,,,,,,,,,,,,,"12.482&plusmn;0.024",,,,,,,,,,,,,,,,,12.4380000,0.0230000,-0.0230000,"12.438&plusmn;0.023",12.4760000,0.0230000,-0.0230000,"12.476&plusmn;0.023",12.5130000,0.2770000,-0.2770000,"12.513&plusmn;0.277",9.5880000,,,"9.588",,,,,13.7397000,0.0002170,-0.0002170,"13.739700&plusmn;0.000217",13.3396000,0.0082000,-0.0082000,"13.3396&plusmn;0.0082",0,,,,13.804,,,"13.804",,,,,,,,,,,0.16252225015565333,-0.63145104660463824,0.75819264962557520,-419849693,,,,,,0.12891449,0.00588814,-0.00588814,0,"0.1289&plusmn;0.0059",1.44500000,0.06600000,-0.06600000,0,"1.445&plusmn;0.066",,,,,,,,,,,,,,,,"2024-02-21","2024-01","<a refstr=WEISS_ET_AL__2024 href=https://ui.adsabs.harvard.edu/abs/2024ApJS..270....8W/abstract target=ref>Weiss et al. 2024</a>","2024-02-21",0,,,,,,,,,,,,,,,,,,,,,,,,,,,,,,,,,,,,,,,,,,,,,,,,,,,,,,,,,,,,,,,,,,,,,,,,,,,,,,,,,,,,,,1.108000,0.030500,-0.030500,0,"1.1080&plusmn;0.0305",,,,,,,,,,,0,0,1,0,0,0,0,0,0,0,"Published Confirmed",1,8,0,0,0,0,0,0,0,0,0,5.4320160,0.0289553,-0.0289553,"5.4320160&plusmn;0.0289553",-4.3791700,0.0295063,-0.0295063,"-4.3791700&plusmn;0.0295063",-3.2139800,0.0279036,-0.0279036,"-3.2139800&plusmn;0.0279036",1.1500700,0.0149210,-0.0149210,"1.150070&plusmn;0.014921",848.25400000,10.81850000,-10.81850000,"848.2540&plusmn;10.8185",14.6040000,0.0090000,-0.0090000,"14.604&plusmn;0.009",13.8830000,0.0690000,-0.0690000,"13.883&plusmn;0.069",12.7900000,0.0290000,-0.0290000,"12.790&plusmn;0.029",12.5310000,0.0330000,-0.0330000,"12.531&plusmn;0.033",12.4820000,0.0240000,-0.0240000
"KOI-351 h","h","KOI-351",,,"TIC 267667295","Gaia DR2 2132193431285570304","Gaia DR3 2132193431285570304",0,"<a refstr=Q1_Q17_DR25_SUPPLEMENTAL_KOI_TABLE href=https://exoplanetarchive.ipac.caltech.edu/docs/Kepler_KOI_docs.html target=ref>Q1-Q17 DR25 Supplemental KOI Table</a>","<a refstr=STASSUN_ET_AL__2019 href=https://ui.adsabs.harvard.edu/abs/2019AJ....158..138S/abstract target=ref>TICv8</a>","2014-01",2013,"Transit","Space","Kepler","Kepler CCD Array","0.95 m Kepler Telescope","<a refstr=CABRERA_ET_AL__2014 href=https://ui.adsabs.harvard.edu/abs/2014ApJ...781...18C/abstract target=ref> Cabrera et al. 2014 </a>",284.4334642,"18h57m44.03s",49.3051239,"+49d18m18.45s",79.26947,19.25567,300.32939,71.22769,331.59727320000,0.00024590000,-0.00024590000,0,"331.5972732&plusmn;0.0002459",,,,0,,,,,0,,,,,0,,,,,,,,,,0,,,,,0,,,,,,,,,,0,,,,,,,,,,0,,2454973.49892900,0.00058600,-0.00058600,0,"2454973.499&plusmn;0.000586",,,,0,,"12.482&plusmn;0.024",,,,,,,,,,,,,,,,,12.4380000,0.0230000,-0.0230000,"12.438&plusmn;0.023",12.4760000,0.0230000,-0.0230000,"12.476&plusmn;0.023",12.5130000,0.2770000,-0.2770000,"12.513&plusmn;0.277",9.5880000,,,"9.588",,,,,13.7397000,0.0002170,-0.0002170,"13.739700&plusmn;0.000217",13.3396000,0.0082000,-0.0082000,"13.3396&plusmn;0.0082",0,"BJD","[M/H]",,13.804,,,"13.804",,,,,,,,,,,0.16252225015565333,-0.63145104660463824,0.75819264962557520,-419849693,,,,,,,,,,,,,,0,,,,,0,,,,,,,,,,,,"2018-09-25","2018-08-16","<a refstr=STASSUN_ET_AL__2019 href=https://ui.adsabs.harvard.edu/abs/2019AJ....158..138S/abstract target=ref>TICv8</a>","2018-09-25",0,,,0,,,,,0,,,,,,,,,,,,,,,,,,,,,,,,,,,,,,,,,,,,,,,,,,,6031.13,34.68,-34.68,0,"6031.13&plusmn;34.68",0.0830,0.0330,-0.0330,0,"0.0830&plusmn;0.0330",,,,,,,,,,,0.26853,,,0,"0.2685314",4.295040,,,0,"4.29504",,,,,,1.120000,,,0,"1.12",0.812869,,,0,"0.8128692",1.247730,,,0,"1.24773",1,0,1,1,0,0,0,0,0,0,"Kepler Project Candidate (q1_q17_dr25_sup_koi)",1,8,0,0,0,0,0,0,0,0,1,5.4320160,0.0289553,-0.0289553,"5.4320160&plusmn;0.0289553",-4.3791700,0.0295063,-0.0295063,"-4.3791700&plusmn;0.0295063",-3.2139800,0.0279036,-0.0279036,"-3.2139800&plusmn;0.0279036",1.1500700,0.0149210,-0.0149210,"1.150070&plusmn;0.014921",848.25400000,10.81850000,-10.81850000,"848.2540&plusmn;10.8185",14.6040000,0.0090000,-0.0090000,"14.604&plusmn;0.009",13.8830000,0.0690000,-0.0690000,"13.883&plusmn;0.069",12.7900000,0.0290000,-0.0290000,"12.790&plusmn;0.029",12.5310000,0.0330000,-0.0330000,"12.531&plusmn;0.033",12.4820000,0.0240000,-0.0240000
"KOI-351 b","b","KOI-351",,,"TIC 267667295","Gaia DR2 2132193431285570304","Gaia DR3 2132193431285570304",0,"<a refstr=Q1_Q17_DR25_SUPPLEMENTAL_KOI_TABLE href=https://exoplanetarchive.ipac.caltech.edu/docs/Kepler_KOI_docs.html target=ref>Q1-Q17 DR25 Supplemental KOI Table</a>","<a refstr=STASSUN_ET_AL__2019 href=https://ui.adsabs.harvard.edu/abs/2019AJ....158..138S/abstract target=ref>TICv8</a>","2014-01",2013,"Transit","Space","Kepler","Kepler CCD Array","0.95 m Kepler Telescope","<a refstr=CABRERA_ET_AL__2014 href=https://ui.adsabs.harvard.edu/abs/2014ApJ...781...18C/abstract target=ref> Cabrera et al. 2014 </a>",284.4334642,"18h57m44.03s",49.3051239,"+49d18m18.45s",79.26947,19.25567,300.32939,71.22769,7.00821787000,0.00004701000,-0.00004701000,0,"7.00821787&plusmn;4.701e-05",,,,0,,,,,0,,,,,0,,,,,,,,,,0,,,,,0,,,,,,,,,,0,,,,,,,,,,0,,2454970.67164000,0.00526000,-0.00526000,0,"2454970.672&plusmn;0.00526",,,,0,,"12.482&plusmn;0.024",,,,,,,,,,,,,,,,,12.4380000,0.0230000,-0.0230000,"12.438&plusmn;0.023",12.4760000,0.0230000,-0.0230000,"12.476&plusmn;0.023",12.5130000,0.2770000,-0.2770000,"12.513&plusmn;0.277",9.5880000,,,"9.588",,,,,13.7397000,0.0002170,-0.0002170,"13.739700&plusmn;0.000217",13.3396000,0.0082000,-0.0082000,"13.3396&plusmn;0.0082",0,"BJD","[M/H]",,13.804,,,"13.804",,,,,,,,,,,0.16252225015565333,-0.63145104660463824,0.75819264962557520,-419849693,,,,,,,,,,,,,,0,,,,,0,,,,,,,,,,,,"2018-09-25","2018-08-16","<a refstr=STASSUN_ET_AL__2019 href=https://ui.adsabs.harvard.edu/abs/2019AJ....158..138S/abstract target=ref>TICv8</a>","2018-09-25",0,,,0,,,,,0,,,,,,,,,,,,,,,,,,,,,,,,,,,,,,,,,,,,,,,,,,,6031.13,34.68,-34.68,0,"6031.13&plusmn;34.68",0.0830,0.0330,-0.0330,0,"0.0830&plusmn;0.0330",,,,,,,,,,,0.26853,,,0,"0.2685314",4.295040,,,0,"4.29504",,,,,,1.120000,,,0,"1.12",0.812869,,,0,"0.8128692",1.247730,,,0,"1.24773",0,0,1,0,0,0,0,0,0,0,"Kepler Project Candidate (q1_q17_dr25_sup_koi)",1,8,0,0,0,0,0,0,0,0,0,5.4320160,0.0289553,-0.0289553,"5.4320160&plusmn;0.0289553",-4.3791700,0.0295063,-0.0295063,"-4.3791700&plusmn;0.0295063",-3.2139800,0.0279036,-0.0279036,"-3.2139800&plusmn;0.0279036",1.1500700,0.0149210,-0.0149210,"1.150070&plusmn;0.014921",848.25400000,10.81850000,-10.81850000,"848.2540&plusmn;10.8185",14.6040000,0.0090000,-0.0090000,"14.604&plusmn;0.009",13.8830000,0.0690000,-0.0690000,"13.883&plusmn;0.069",12.7900000,0.0290000,-0.0290000,"12.790&plusmn;0.029",12.5310000,0.0330000,-0.0330000,"12.531&plusmn;0.033",12.4820000,0.0240000,-0.0240000
"KOI-351 b","b","KOI-351",,,"TIC 267667295","Gaia DR2 2132193431285570304","Gaia DR3 2132193431285570304",1,"<a refstr=CABRERA_ET_AL__2014 href=https://ui.adsabs.harvard.edu/abs/2014ApJ...781...18C/abstract target=ref> Cabrera et al. 2014 </a>","<a refstr=STASSUN_ET_AL__2019 href=https://ui.adsabs.harvard.edu/abs/2019AJ....158..138S/abstract target=ref>TICv8</a>","2014-01",2013,"Transit","Space","Kepler","Kepler CCD Array","0.95 m Kepler Telescope","<a refstr=CABRERA_ET_AL__2014 href=https://ui.adsabs.harvard.edu/abs/2014ApJ...781...18C/abstract target=ref> Cabrera et al. 2014 </a>",284.4334642,"18h57m44.03s",49.3051239,"+49d18m18.45s",79.26947,19.25567,300.32939,71.22769,7.00815100000,0.00001900000,-0.00001900000,0,"7.008151&plusmn;0.000019",,,,,,0.0740000000,0.0160000000,-0.0160000000,0,"0.074&plusmn;0.016",89.40000,1.50000,-1.50000,0,"89.4&plusmn;1.5",,,,,,,,,,,,,,,,,,,,,,,,,,,,,,,,,,,,2454970.69060000,0.00170000,-0.00170000,0,"2454970.6906&plusmn;0.0017",3.9900000,0.1500000,-0.1500000,0,"3.99&plusmn;0.15","12.482&plusmn;0.024",,,,,,,,,,,,,,,,,12.4380000,0.0230000,-0.0230000,"12.438&plusmn;0.023",12.4760000,0.0230000,-0.0230000,"12.476&plusmn;0.023",12.5130000,0.2770000,-0.2770000,"12.513&plusmn;0.277",9.5880000,,,"9.588",,,,,13.7397000,0.0002170,-0.0002170,"13.739700&plusmn;0.000217",13.3396000,0.0082000,-0.0082000,"13.3396&plusmn;0.0082",0,"HJD","[M/H]",,13.804,,,"13.804",,,,,,,,,,,0.16252225015565333,-0.63145104660463824,0.75819264962557520,-419849693,,,,,,0.11700000,0.01500000,-0.01500000,0,"0.117&plusmn;0.015",1.31000000,0.17000000,-0.17000000,0,"1.31&plusmn;0.17",0.01000000,0.00050000,-0.00050000,0,"0.0100&plusmn;0.0005",13.200000,,,,,,,,,,"2014-05-14","2014-01","<a refstr=CABRERA_ET_AL__2014 href=https://ui.adsabs.harvard.edu/abs/2014ApJ...781...18C/abstract target=ref> Cabrera et al. 2014 </a>","2014-05-14",0,1.800000,-1.800000,0,"13.2&plusmn;1.8",0.130000,0.320000,-0.320000,0,"0.13&plusmn;0.32",,,,,,,,,,,,,,,,,,,,,,,,,,,,,,,,,,,,,,,,,,6080.00,260.00,-170.00,0,"<div><span class="supersubNumber">6080</span> <span class="superscript">+260</span><span class="subscript">-170</span> </div>",-0.1200,0.1800,-0.1800,0,"-0.12&plusmn;0.18",,,,,,4.6000,2.1000,-2.1000,0,"4.6&plusmn;2.1",,,,,,4.400000,,,0,"4.4",,,,,,1.200000,0.100000,-0.100000,0,"1.2&plusmn;0.1",,,,,,1.200000,0.100000,-0.100000,0,"1.2&plusmn;0.1",0,0,1,0,0,0,0,0,0,0,"Published Confirmed",1,8,0,0,0,0,0,0,0,0,0,5.4320160,0.0289553,-0.0289553,"5.4320160&plusmn;0.0289553",-4.3791700,0.0295063,-0.0295063,"-4.3791700&plusmn;0.0295063",-3.2139800,0.0279036,-0.0279036,"-3.2139800&plusmn;0.0279036",1.1500700,0.0149210,-0.0149210,"1.150070&plusmn;0.014921",848.25400000,10.81850000,-10.81850000,"848.2540&plusmn;10.8185",14.6040000,0.0090000,-0.0090000,"14.604&plusmn;0.009",13.8830000,0.0690000,-0.0690000,"13.883&plusmn;0.069",12.7900000,0.0290000,-0.0290000,"12.790&plusmn;0.029",12.5310000,0.0330000,-0.0330000,"12.531&plusmn;0.033",12.4820000,0.0240000,-0.0240000
"KOI-351 e","e","KOI-351",,,"TIC 267667295","Gaia DR2 2132193431285570304","Gaia DR3 2132193431285570304",0,"<a refstr=FULTON__AMP__PETIGURA_2018 href=https://ui.adsabs.harvard.edu/abs/2018AJ....156..264F/abstract target=ref>Fulton &amp; Petigura 2018</a>","<a refstr=STASSUN_ET_AL__2019 href=https://ui.adsabs.harvard.edu/abs/2019AJ....158..138S/abstract target=ref>TICv8</a>","2014-01",2013,"Transit","Space","Kepler","Kepler CCD Array","0.95 m Kepler Telescope","<a refstr=CABRERA_ET_AL__2014 href=https://ui.adsabs.harvard.edu/abs/2014ApJ...781...18C/abstract target=ref> Cabrera et al. 2014 </a>",284.4334642,"18h57m44.03s",49.3051239,"+49d18m18.45s",79.26947,19.25567,300.32939,71.22769,91.94046030000,0.00058640000,-0.00058640000,0,"91.940460300&plusmn;0.000586400",,,,,,0.4127500000,0.0041900000,-0.0041900000,0,"0.41275&plusmn;0.00419",,,,,,,,,,,,,,,,,,,,,,,,,,9.7000,0.7000,-0.7000,0,"9.70&plusmn;0.70",,,,,,,,,,,,,,,,,,,,,"12.482&plusmn;0.024",,,,,,,,,,,,,,,,,12.4380000,0.0230000,-0.0230000,"12.438&plusmn;0.023",12.4760000,0.0230000,-0.0230000,"12.476&plusmn;0.023",12.5130000,0.2770000,-0.2770000,"12.513&plusmn;0.277",9.5880000,,,"9.588",,,,,13.7397000,0.0002170,-0.0002170,"13.739700&plusmn;0.000217",13.3396000,0.0082000,-0.0082000,"13.3396&plusmn;0.0082",0,,"[Fe/H]",,13.804,,,"13.804",,,,,,,,,,,0.16252225015565333,-0.63145104660463824,0.75819264962557520,-419849693,,,,,,0.23302743,0.00838613,-0.00838613,0,"0.2330&plusmn;0.0084",2.61200000,0.09400000,-0.09400000,0,"2.612&plusmn;0.094",0.02017200,0.00055300,-0.00045700,0,"<div><span class="supersubNumber">0.020172</span><span class="superscript">+0.000553</span><span class="subscript">-0.000457</span></div>",,,,,,,,,,,"2024-12-05","2018-12","<a refstr=FULTON__AMP__PETIGURA_2018 href=https://ui.adsabs.harvard.edu/abs/2018AJ....156..264F/abstract target=ref>Fulton &amp; Petigura 2018</a>","2024-12-05",0,,,,,,,,,,,,,,,,,,,,,,,,,,,,,,,,,,,,,,,,,,,,,,,,,,,6015.00,60.00,-60.00,0,"6015&plusmn;60",0.1000,0.0400,-0.0400,0,"0.10&plusmn;0.04",,,,,,,,,,,,,,,,,,,,,3.5500,1.1300,-1.0900,0,"<div><span class="supersubNumber">3.55</span><span class="superscript">+1.13</span><span class="subscript">-1.09</span></div>",1.108000,0.035000,-0.033000,0,"<div><span class="supersubNumber">1.108</span><span class="superscript">+0.035</span><span class="subscript">-0.033</span></div>",0.670000,0.030000,-0.040000,0,"<div><span class="supersubNumber">0.67</span><span class="superscript">+0.03</span><span class="subscript">-0.04</span></div>",1.185000,0.031000,-0.030000,0,"<div><span class="supersubNumber">1.185</span><span class="superscript">+0.031</span><span class="subscript">-0.030</span></div>",0,0,1,0,0,0,0,0,0,0,"Published Candidate",1,8,0,0,0,0,0,0,0,0,0,5.4320160,0.0289553,-0.0289553,"5.4320160&plusmn;0.0289553",-4.3791700,0.0295063,-0.0295063,"-4.3791700&plusmn;0.0295063",-3.2139800,0.0279036,-0.0279036,"-3.2139800&plusmn;0.0279036",1.1500700,0.0149210,-0.0149210,"1.150070&plusmn;0.014921",848.25400000,10.81850000,-10.81850000,"848.2540&plusmn;10.8185",14.6040000,0.0090000,-0.0090000,"14.604&plusmn;0.009",13.8830000,0.0690000,-0.0690000,"13.883&plusmn;0.069",12.7900000,0.0290000,-0.0290000,"12.790&plusmn;0.029",12.5310000,0.0330000,-0.0330000,"12.531&plusmn;0.033",12.4820000,0.0240000,-0.0240000
"KOI-351 d","d","KOI-351",,,"TIC 267667295","Gaia DR2 2132193431285570304","Gaia DR3 2132193431285570304",0,"<a refstr=FULTON__AMP__PETIGURA_2018 href=https://ui.adsabs.harvard.edu/abs/2018AJ....156..264F/abstract target=ref>Fulton &amp; Petigura 2018</a>","<a refstr=STASSUN_ET_AL__2019 href=https://ui.adsabs.harvard.edu/abs/2019AJ....158..138S/abstract target=ref>TICv8</a>","2014-01",2013,"Transit","Space","Kepler","Kepler CCD Array","0.95 m Kepler Telescope","<a refstr=CABRERA_ET_AL__2014 href=https://ui.adsabs.harvard.edu/abs/2014ApJ...781...18C/abstract target=ref> Cabrera et al. 2014 </a>",284.4334642,"18h57m44.03s",49.3051239,"+49d18m18.45s",79.26947,19.25567,300.32939,71.22769,59.73703480000,0.00026430000,-0.00026430000,0,"59.737034800&plusmn;0.000264300",,,,,,0.3096000000,0.0031300000,-0.0031300000,0,"0.30960&plusmn;0.00313",,,,,,,,,,,,,,,,,,,,,,,,,,17.2000,1.2000,-1.2000,0,"17.2&plusmn;1.2",,,,,,,,,,,,,,,,,,,,,"12.482&plusmn;0.024",,,,,,,,,,,,,,,,,12.4380000,0.0230000,-0.0230000,"12.438&plusmn;0.023",12.4760000,0.0230000,-0.0230000,"12.476&plusmn;0.023",12.5130000,0.2770000,-0.2770000,"12.513&plusmn;0.277",9.5880000,,,"9.588",,,,,13.7397000,0.0002170,-0.0002170,"13.739700&plusmn;0.000217",13.3396000,0.0082000,-0.0082000,"13.3396&plusmn;0.0082",0,,"[Fe/H]",,13.804,,,"13.804",,,,,,,,,,,0.16252225015565333,-0.63145104660463824,0.75819264962557520,-419849693,,,,,,0.25568783,0.00838613,-0.00838613,0,"0.2557&plusmn;0.0084",2.86600000,0.09400000,-0.09400000,0,"2.866&plusmn;0.094",0.02212500,0.00058500,-0.00029300,0,"<div><span class="supersubNumber">0.022125</span><span class="superscript">+0.000585</span><span class="subscript">-0.000293</span></div>",,,,,,,,,,,"2024-12-05","2018-12","<a refstr=FULTON__AMP__PETIGURA_2018 href=https://ui.adsabs.harvard.edu/abs/2018AJ....156..264F/abstract target=ref>Fulton &amp; Petigura 2018</a>","2024-12-05",0,,,,,,,,,,,,,,,,,,,,,,,,,,,,,,,,,,,,,,,,,,,,,,,,,,,6015.00,60.00,-60.00,0,"6015&plusmn;60",0.1000,0.0400,-0.0400,0,"0.10&plusmn;0.04",,,,,,,,,,,,,,,,,,,,,3.5500,1.1300,-1.0900,0,"<div><span class="supersubNumber">3.55</span><span class="superscript">+1.13</span><span class="subscript">-1.09</span></div>",1.108000,0.035000,-0.033000,0,"<div><span class="supersubNumber">1.108</span><span class="superscript">+0.035</span><span class="subscript">-0.033</span></div>",0.670000,0.030000,-0.040000,0,"<div><span class="supersubNumber">0.67</span><span class="superscript">+0.03</span><span class="subscript">-0.04</span></div>",1.185000,0.031000,-0.030000,0,"<div><span class="supersubNumber">1.185</span><span class="superscript">+0.031</span><span class="subscript">-0.030</span></div>",0,0,1,0,0,0,0,0,0,0,"Published Candidate",1,8,0,0,0,0,0,0,0,0,0,5.4320160,0.0289553,-0.0289553,"5.4320160&plusmn;0.0289553",-4.3791700,0.0295063,-0.0295063,"-4.3791700&plusmn;0.0295063",-3.2139800,0.0279036,-0.0279036,"-3.2139800&plusmn;0.0279036",1.1500700,0.0149210,-0.0149210,"1.150070&plusmn;0.014921",848.25400000,10.81850000,-10.81850000,"848.2540&plusmn;10.8185",14.6040000,0.0090000,-0.0090000,"14.604&plusmn;0.009",13.8830000,0.0690000,-0.0690000,"13.883&plusmn;0.069",12.7900000,0.0290000,-0.0290000,"12.790&plusmn;0.029",12.5310000,0.0330000,-0.0330000,"12.531&plusmn;0.033",12.4820000,0.0240000,-0.0240000
"KOI-351 d","d","KOI-351",,,"TIC 267667295","Gaia DR2 2132193431285570304","Gaia DR3 2132193431285570304",0,"<a refstr=Q1_Q16_KOI_TABLE href=https://exoplanetarchive.ipac.caltech.edu/docs/Kepler_KOI_docs.html target=ref>Q1-Q16 KOI Table</a>","<a refstr=STASSUN_ET_AL__2019 href=https://ui.adsabs.harvard.edu/abs/2019AJ....158..138S/abstract target=ref>TICv8</a>","2014-01",2013,"Transit","Space","Kepler","Kepler CCD Array","0.95 m Kepler Telescope","<a refstr=CABRERA_ET_AL__2014 href=https://ui.adsabs.harvard.edu/abs/2014ApJ...781...18C/abstract target=ref> Cabrera et al. 2014 </a>",284.4334642,"18h57m44.03s",49.3051239,"+49d18m18.45s",79.26947,19.25567,300.32939,71.22769,59.73703480000,0.00026430000,-0.00026430000,0,"59.7370348&plusmn;0.0002643",,,,0,,0.2960000000,,,0,".296",89.95000,,,0,"89.95",,,,,,0.000000,,,0,"0",519.00,,,0,"519",,,,,,17.1800,20.2100,-6.0600,0,"<div><span class="supersubNumber">17.18</span> <span class="superscript">+20.21</span><span class="subscript">-6.06</span> </div>",,,,,,0.05778000,0.00146000,-0.00146000,0,"0.05778&plusmn0.00146",2454991.96124000,0.00298000,-0.00298000,0,"2454991.961&plusmn;0.00298",8.0155000,0.0987000,-0.0987000,0,"8.0155&plusmn;0.0987","12.482&plusmn;0.024",,,,,,,,,,,,,,,,,12.4380000,0.0230000,-0.0230000,"12.438&plusmn;0.023",12.4760000,0.0230000,-0.0230000,"12.476&plusmn;0.023",12.5130000,0.2770000,-0.2770000,"12.513&plusmn;0.277",9.5880000,,,"9.588",,,,,13.7397000,0.0002170,-0.0002170,"13.739700&plusmn;0.000217",13.3396000,0.0082000,-0.0082000,"13.3396&plusmn;0.0082",0,"BJD","[Fe/H]",,13.804,,,"13.804",,,,,,,,,,,0.16252225015565333,-0.63145104660463824,0.75819264962557520,-419849693,,,,,,0.22749615,0.08742989,-0.03033282,0,"<div><span class="supersubNumber">0.227</span><span class="superscript">+0.087</span><span class="subscript">-0.030</span></div>",2.55000000,0.98000000,-0.34000000,0,"<div><span class="supersubNumber">2.55</span> <span class="superscript">+0.98</span><span class="subscript">-0.34</span> </div>",0.02212500,0.00058500,-0.00029300,0,"<div><span class="supersubNumber">0.022125</span> <span class="superscript">+0.000585</span><span class="subscript">-0.000293</span> </div>",58.152000,,,,,,,,,,"2014-11-21","2014-12-18","<a refstr=Q1_Q16_KOI_TABLE href=https://exoplanetarchive.ipac.caltech.edu/docs/Kepler_KOI_docs.html target=ref>Q1-Q16 KOI Table</a>","2014-11-21",0,0.514000,-0.514000,0,"58.152&plusmn;0.514",0.040400,0.377700,-0.040400,0,"<div><span class="supersubNumber">0.0404</span> <span class="superscript">+0.3777</span><span class="subscript">-0.0404</span> </div>",,,,,,,,,,,,,,,,,,,,,,,,,,,,,,,,,,,,,,,,,,6238.00,195.00,-227.00,0,"<div><span class="supersubNumber">6238</span> <span class="superscript">+195</span><span class="subscript">-227</span> </div>",-0.4000,0.2800,-0.3000,0,"<div><span class="supersubNumber">-0.400</span> <span class="superscript">+0.280</span><span class="subscript">-0.300</span> </div>",,,,,,,,,,,,,,,,4.378000,0.099000,-0.264000,0,"<div><span class="supersubNumber">4.378</span> <span class="superscript">+0.099</span><span class="subscript">-0.264</span> </div>",,,,0,,0.967000,0.144000,-0.112000,0,"<div><span class="supersubNumber">0.967</span> <span class="superscript">+0.144</span><span class="subscript">-0.112</span> </div>",1.042450,0.009220,-0.329490,0,"<div><span class="supersubNumber">1.04245</span> <span class="superscript">+0.00922</span><span class="subscript">-0.32949</span> </div>",1.054000,0.408000,-0.141000,0,"<div><span class="supersubNumber">1.054</span> <span class="superscript">+0.408</span><span class="subscript">-0.141</span> </div>",0,0,1,0,0,0,0,0,0,0,"Kepler Project Candidate (q1_q16_koi)",1,8,0,0,0,0,0,0,0,0,0,5.4320160,0.0289553,-0.0289553,"5.4320160&plusmn;0.0289553",-4.3791700,0.0295063,-0.0295063,"-4.3791700&plusmn;0.0295063",-3.2139800,0.0279036,-0.0279036,"-3.2139800&plusmn;0.0279036",1.1500700,0.0149210,-0.0149210,"1.150070&plusmn;0.014921",848.25400000,10.81850000,-10.81850000,"848.2540&plusmn;10.8185",14.6040000,0.0090000,-0.0090000,"14.604&plusmn;0.009",13.8830000,0.0690000,-0.0690000,"13.883&plusmn;0.069",12.7900000,0.0290000,-0.0290000,"12.790&plusmn;0.029",12.5310000,0.0330000,-0.0330000,"12.531&plusmn;0.033",12.4820000,0.0240000,-0.0240000
"KOI-351 f","f","KOI-351",,,"TIC 267667295","Gaia DR2 2132193431285570304","Gaia DR3 2132193431285570304",0,"<a refstr=Q1_Q12_KOI_TABLE href=https://exoplanetarchive.ipac.caltech.edu/docs/Kepler_KOI_docs.html target=ref>Q1-Q12 KOI Table</a>","<a refstr=STASSUN_ET_AL__2019 href=https://ui.adsabs.harvard.edu/abs/2019AJ....158..138S/abstract target=ref>TICv8</a>","2014-01",2013,"Transit","Space","Kepler","Kepler CCD Array","0.95 m Kepler Telescope","<a refstr=CABRERA_ET_AL__2014 href=https://ui.adsabs.harvard.edu/abs/2014ApJ...781...18C/abstract target=ref> Cabrera et al. 2014 </a>",284.4334642,"18h57m44.03s",49.3051239,"+49d18m18.45s",79.26947,19.25567,300.32939,71.22769,124.91633700000,0.00144300000,-0.00144300000,0,"124.916337&plusmn;0.001443",,,,0,,0.4840000000,,,0,".484",89.95000,,,0,"89.95",,,,,,0.000000,,,0,"0",406.00,,,0,"406",,,,,,6.4300,7.5600,-2.2700,0,"<div><span class="supersubNumber">6.43</span> <span class="superscript">+7.56</span><span class="subscript">-2.27</span> </div>",,,,,,0.05194000,0.00368000,-0.00368000,0,"0.05194&plusmn0.00368",2454962.75680000,0.01030000,-0.01030000,0,"2454962.757&plusmn;0.0103",10.1320000,0.5520000,-0.5520000,0,"10.132&plusmn;0.552","12.482&plusmn;0.024",,,,,,,,,,,,,,,,,12.4380000,0.0230000,-0.0230000,"12.438&plusmn;0.023",12.4760000,0.0230000,-0.0230000,"12.476&plusmn;0.023",12.5130000,0.2770000,-0.2770000,"12.513&plusmn;0.277",9.5880000,,,"9.588",,,,,13.7397000,0.0002170,-0.0002170,"13.739700&plusmn;0.000217",13.3396000,0.0082000,-0.0082000,"13.3396&plusmn;0.0082",0,"BJD","[Fe/H]",,13.804,,,"13.804",,,,,,,,,,,0.16252225015565333,-0.63145104660463824,0.75819264962557520,-419849693,,,,,,0.21946688,0.08564561,-0.02944068,0,"<div><span class="supersubNumber">0.219</span><span class="superscript">+0.086</span><span class="subscript">-0.029</span></div>",2.46000000,0.96000000,-0.33000000,0,"<div><span class="supersubNumber">2.46</span> <span class="superscript">+0.96</span><span class="subscript">-0.33</span> </div>",0.02139100,0.00063400,-0.00089700,0,"<div><span class="supersubNumber">0.021391</span> <span class="superscript">+0.000634</span><span class="subscript">-0.000897</span> </div>",85.800000,,,,,,,,,,"2014-11-18","2014-12-04","<a refstr=Q1_Q12_KOI_TABLE href=https://exoplanetarchive.ipac.caltech.edu/docs/Kepler_KOI_docs.html target=ref>Q1-Q12 KOI Table</a>","2014-11-18",0,42.600000,-42.600000,0,"85.8&plusmn;42.6",0.461700,0.008300,-0.461600,0,"<div><span class="supersubNumber">0.4617</span> <span class="superscript">+0.0083</span><span class="subscript">-0.4616</span> </div>",,,,,,,,,,,,,,,,,,,,,,,,,,,,,,,,,,,,,,,,,,6238.00,195.00,-227.00,0,"<div><span class="supersubNumber">6238.00</span> <span class="superscript">+195.00</span><span class="subscript">-227.00</span> </div>",-0.4000,0.2800,-0.3000,0,"<div><span class="supersubNumber">-0.400</span> <span class="superscript">+0.280</span><span class="subscript">-0.300</span> </div>",,,,,,,,,,,,,,,,4.378000,0.099000,-0.264000,0,"<div><span class="supersubNumber">4.378</span> <span class="superscript">+0.099</span><span class="subscript">-0.264</span> </div>",,,,0,,0.967000,0.144000,-0.112000,0,"<div><span class="supersubNumber">0.9670</span> <span class="superscript">+0.1440</span><span class="subscript">-0.1120</span> </div>",0.766230,0.380680,-0.135120,0,"<div><span class="supersubNumber">0.76623</span> <span class="superscript">+0.38068</span><span class="subscript">-0.13512</span> </div>",1.054000,0.408000,-0.141000,0,"<div><span class="supersubNumber">1.0540</span> <span class="superscript">+0.4080</span><span class="subscript">-0.1410</span> </div>",0,0,1,0,0,0,0,0,0,0,"Kepler Project Candidate (q1_q12_koi)",1,8,0,0,0,0,0,0,0,0,0,5.4320160,0.0289553,-0.0289553,"5.4320160&plusmn;0.0289553",-4.3791700,0.0295063,-0.0295063,"-4.3791700&plusmn;0.0295063",-3.2139800,0.0279036,-0.0279036,"-3.2139800&plusmn;0.0279036",1.1500700,0.0149210,-0.0149210,"1.150070&plusmn;0.014921",848.25400000,10.81850000,-10.81850000,"848.2540&plusmn;10.8185",14.6040000,0.0090000,-0.0090000,"14.604&plusmn;0.009",13.8830000,0.0690000,-0.0690000,"13.883&plusmn;0.069",12.7900000,0.0290000,-0.0290000,"12.790&plusmn;0.029",12.5310000,0.0330000,-0.0330000,"12.531&plusmn;0.033",12.4820000,0.0240000,-0.0240000
"KOI-351 e","e","KOI-351",,,"TIC 267667295","Gaia DR2 2132193431285570304","Gaia DR3 2132193431285570304",0,"<a refstr=Q1_Q16_KOI_TABLE href=https://exoplanetarchive.ipac.caltech.edu/docs/Kepler_KOI_docs.html target=ref>Q1-Q16 KOI Table</a>","<a refstr=STASSUN_ET_AL__2019 href=https://ui.adsabs.harvard.edu/abs/2019AJ....158..138S/abstract target=ref>TICv8</a>","2014-01",2013,"Transit","Space","Kepler","Kepler CCD Array","0.95 m Kepler Telescope","<a refstr=CABRERA_ET_AL__2014 href=https://ui.adsabs.harvard.edu/abs/2014ApJ...781...18C/abstract target=ref> Cabrera et al. 2014 </a>",284.4334642,"18h57m44.03s",49.3051239,"+49d18m18.45s",79.26947,19.25567,300.32939,71.22769,91.94046030000,0.00058640000,-0.00058640000,0,"91.9404603&plusmn;0.0005864",,,,0,,0.3945000000,,,0,".3945",89.95000,,,0,"89.95",,,,,,0.000000,,,0,"0",450.00,,,0,"450",,,,,,9.6700,11.3800,-3.4100,0,"<div><span class="supersubNumber">9.67</span> <span class="superscript">+11.38</span><span class="subscript">-3.41</span> </div>",,,,,,0.04785000,0.00162000,-0.00162000,0,"0.04785&plusmn0.00162",2454967.29878000,0.00525000,-0.00525000,0,"2454967.299&plusmn;0.00525",9.0450000,0.1460000,-0.1460000,0,"9.045&plusmn;0.146","12.482&plusmn;0.024",,,,,,,,,,,,,,,,,12.4380000,0.0230000,-0.0230000,"12.438&plusmn;0.023",12.4760000,0.0230000,-0.0230000,"12.476&plusmn;0.023",12.5130000,0.2770000,-0.2770000,"12.513&plusmn;0.277",9.5880000,,,"9.588",,,,,13.7397000,0.0002170,-0.0002170,"13.739700&plusmn;0.000217",13.3396000,0.0082000,-0.0082000,"13.3396&plusmn;0.0082",0,"BJD","[Fe/H]",,13.804,,,"13.804",,,,,,,,,,,0.16252225015565333,-0.63145104660463824,0.75819264962557520,-419849693,,,,,,0.20697689,0.08029276,-0.02765640,0,"<div><span class="supersubNumber">0.207</span><span class="superscript">+0.080</span><span class="subscript">-0.028</span></div>",2.32000000,0.90000000,-0.31000000,0,"<div><span class="supersubNumber">2.32</span> <span class="superscript">+0.9</span><span class="subscript">-0.31</span> </div>",0.02017200,0.00055300,-0.00045700,0,"<div><span class="supersubNumber">0.020172</span> <span class="superscript">+0.000553</span><span class="subscript">-0.000457</span> </div>",78.220000,,,,,,,,,,"2014-11-21","2014-12-18","<a refstr=Q1_Q16_KOI_TABLE href=https://exoplanetarchive.ipac.caltech.edu/docs/Kepler_KOI_docs.html target=ref>Q1-Q16 KOI Table</a>","2014-11-21",0,8.900000,-8.900000,0,"78.22&plusmn;8.9",0.161900,0.263000,-0.161800,0,"<div><span class="supersubNumber">0.1619</span> <span class="superscript">+0.263</span><span class="subscript">-0.1618</span> </div>",,,,,,,,,,,,,,,,,,,,,,,,,,,,,,,,,,,,,,,,,,6238.00,195.00,-227.00,0,"<div><span class="supersubNumber">6238</span> <span class="superscript">+195</span><span class="subscript">-227</span> </div>",-0.4000,0.2800,-0.3000,0,"<div><span class="supersubNumber">-0.400</span> <span class="superscript">+0.280</span><span class="subscript">-0.300</span> </div>",,,,,,,,,,,,,,,,4.378000,0.099000,-0.264000,0,"<div><span class="supersubNumber">4.378</span> <span class="superscript">+0.099</span><span class="subscript">-0.264</span> </div>",,,,0,,0.967000,0.144000,-0.112000,0,"<div><span class="supersubNumber">0.967</span> <span class="superscript">+0.144</span><span class="subscript">-0.112</span> </div>",1.071060,0.121700,-0.258430,0,"<div><span class="supersubNumber">1.07106</span> <span class="superscript">+0.12170</span><span class="subscript">-0.25843</span> </div>",1.054000,0.408000,-0.141000,0,"<div><span class="supersubNumber">1.054</span> <span class="superscript">+0.408</span><span class="subscript">-0.141</span> </div>",0,0,1,0,0,0,0,0,0,0,"Kepler Project Candidate (q1_q16_koi)",1,8,0,0,0,0,0,0,0,0,0,5.4320160,0.0289553,-0.0289553,"5.4320160&plusmn;0.0289553",-4.3791700,0.0295063,-0.0295063,"-4.3791700&plusmn;0.0295063",-3.2139800,0.0279036,-0.0279036,"-3.2139800&plusmn;0.0279036",1.1500700,0.0149210,-0.0149210,"1.150070&plusmn;0.014921",848.25400000,10.81850000,-10.81850000,"848.2540&plusmn;10.8185",14.6040000,0.0090000,-0.0090000,"14.604&plusmn;0.009",13.8830000,0.0690000,-0.0690000,"13.883&plusmn;0.069",12.7900000,0.0290000,-0.0290000,"12.790&plusmn;0.029",12.5310000,0.0330000,-0.0330000,"12.531&plusmn;0.033",12.4820000,0.0240000,-0.0240000
"KOI-351 d","d","KOI-351",,,"TIC 267667295","Gaia DR2 2132193431285570304","Gaia DR3 2132193431285570304",0,"<a refstr=Q1_Q8_KOI_TABLE href=https://exoplanetarchive.ipac.caltech.edu/docs/Kepler_KOI_docs.html target=ref>Q1-Q8 KOI Table</a>","<a refstr=STASSUN_ET_AL__2019 href=https://ui.adsabs.harvard.edu/abs/2019AJ....158..138S/abstract target=ref>TICv8</a>","2014-01",2013,"Transit","Space","Kepler","Kepler CCD Array","0.95 m Kepler Telescope","<a refstr=CABRERA_ET_AL__2014 href=https://ui.adsabs.harvard.edu/abs/2014ApJ...781...18C/abstract target=ref> Cabrera et al. 2014 </a>",284.4334642,"18h57m44.03s",49.3051239,"+49d18m18.45s",79.26947,19.25567,300.32939,71.22769,59.73716000000,0.00039000000,-0.00039000000,0,"59.73716&plusmn;0.00039",,,,0,,0.3120000000,,,0,".312",89.95000,,,0,"89.95",,,,,,0.000000,,,0,"0",518.00,,,0,"518",,,,,,,,,0,,,,,,,0.05670000,,,0,"0.05670",2454991.95800000,0.00410000,-0.00410000,0,"2454991.958&plusmn;0.0041",8.1198000,,,0,"8.1198","12.482&plusmn;0.024",,,,,,,,,,,,,,,,,12.4380000,0.0230000,-0.0230000,"12.438&plusmn;0.023",12.4760000,0.0230000,-0.0230000,"12.476&plusmn;0.023",12.5130000,0.2770000,-0.2770000,"12.513&plusmn;0.277",9.5880000,,,"9.588",,,,,13.7397000,0.0002170,-0.0002170,"13.739700&plusmn;0.000217",13.3396000,0.0082000,-0.0082000,"13.3396&plusmn;0.0082",0,"BJD",,,13.804,,,"13.804",,,,,,,,,,,0.16252225015565333,-0.63145104660463824,0.75819264962557520,-419849693,,,,,,0.22303545,0.09813560,-0.09813560,0,"<div><span class="supersubNumber">0.223</span><span class="superscript">+0.098</span><span class="subscript">-0.098</span></div>",2.50000000,1.10000000,-1.10000000,0,"2.5&plusmn;1.1",0.02171000,0.00035000,-0.00035000,0,"0.02171&plusmn;0.00035",57.400000,,,,,,,,,,"2013-10-28","2014-01-08","<a refstr=Q1_Q8_KOI_TABLE href=https://exoplanetarchive.ipac.caltech.edu/docs/Kepler_KOI_docs.html target=ref>Q1-Q8 KOI Table</a>","2013-10-28",0,4.300000,-4.300000,0,"57.4&plusmn;4.3",0.010000,0.670000,-0.670000,0,"0.01&plusmn;0.67",,,,,,,,,,,,,,,,,,,,,,,,,,,,,,,,,,,,,,,,,,6330.00,86.00,-86.00,0,"6330.00&plusmn;86.00",,,,0,,,,,,,,,,,,,,,,,4.430000,0.300000,-0.300000,0,"4.430&plusmn;0.300",0.5300,0.8800,-0.8800,0,"0.53&plusmn;0.88",1.140000,0.120000,-0.120000,0,"1.1400&plusmn;0.1200",,,,0,,1.070000,0.460000,-0.460000,0,"1.0700&plusmn;0.4600",0,0,1,0,0,0,0,0,0,0,"Kepler Project Candidate (q1_q8_koi)",1,8,0,0,0,0,0,0,0,0,0,5.4320160,0.0289553,-0.0289553,"5.4320160&plusmn;0.0289553",-4.3791700,0.0295063,-0.0295063,"-4.3791700&plusmn;0.0295063",-3.2139800,0.0279036,-0.0279036,"-3.2139800&plusmn;0.0279036",1.1500700,0.0149210,-0.0149210,"1.150070&plusmn;0.014921",848.25400000,10.81850000,-10.81850000,"848.2540&plusmn;10.8185",14.6040000,0.0090000,-0.0090000,"14.604&plusmn;0.009",13.8830000,0.0690000,-0.0690000,"13.883&plusmn;0.069",12.7900000,0.0290000,-0.0290000,"12.790&plusmn;0.029",12.5310000,0.0330000,-0.0330000,"12.531&plusmn;0.033",12.4820000,0.0240000,-0.0240000
"KOI-351 h","h","KOI-351",,,"TIC 267667295","Gaia DR2 2132193431285570304","Gaia DR3 2132193431285570304",0,"<a refstr=Q1_Q12_KOI_TABLE href=https://exoplanetarchive.ipac.caltech.edu/docs/Kepler_KOI_docs.html target=ref>Q1-Q12 KOI Table</a>","<a refstr=STASSUN_ET_AL__2019 href=https://ui.adsabs.harvard.edu/abs/2019AJ....158..138S/abstract target=ref>TICv8</a>","2014-01",2013,"Transit","Space","Kepler","Kepler CCD Array","0.95 m Kepler Telescope","<a refstr=CABRERA_ET_AL__2014 href=https://ui.adsabs.harvard.edu/abs/2014ApJ...781...18C/abstract target=ref> Cabrera et al. 2014 </a>",284.4334642,"18h57m44.03s",49.3051239,"+49d18m18.45s",79.26947,19.25567,300.32939,71.22769,331.60110810000,0.00071160000,-0.00071160000,0,"331.6011081&plusmn;0.0007116",,,,0,,0.9279000000,,,0,".9279",89.95000,,,0,"89.95",,,,,,0.000000,,,0,"0",293.00,,,0,"293",,,,,,1.7500,2.0500,-0.6200,0,"<div><span class="supersubNumber">1.75</span> <span class="superscript">+2.05</span><span class="subscript">-0.62</span> </div>",,,,,,0.83890000,0.00341000,-0.00341000,0,"0.83890&plusmn0.00341",2454973.49087000,0.00243000,-0.00243000,0,"2454973.491&plusmn;0.00243",14.7070000,0.1300000,-0.1300000,0,"14.707&plusmn;0.13","12.482&plusmn;0.024",,,,,,,,,,,,,,,,,12.4380000,0.0230000,-0.0230000,"12.438&plusmn;0.023",12.4760000,0.0230000,-0.0230000,"12.476&plusmn;0.023",12.5130000,0.2770000,-0.2770000,"12.513&plusmn;0.277",9.5880000,,,"9.588",,,,,13.7397000,0.0002170,-0.0002170,"13.739700&plusmn;0.000217",13.3396000,0.0082000,-0.0082000,"13.3396&plusmn;0.0082",0,"BJD","[Fe/H]",,13.804,,,"13.804",,,,,,,,,,,0.16252225015565333,-0.63145104660463824,0.75819264962557520,-419849693,,,,,,0.89303392,0.34525887,-0.11954700,0,"<div><span class="supersubNumber">0.893</span><span class="superscript">+0.345</span><span class="subscript">-0.120</span></div>",10.01000000,3.87000000,-1.34000000,0,"<div><span class="supersubNumber">10.01</span> <span class="superscript">+3.87</span><span class="subscript">-1.34</span> </div>",0.08693200,0.00036200,-0.00112300,0,"<div><span class="supersubNumber">0.086932</span> <span class="superscript">+0.000362</span><span class="subscript">-0.001123</span> </div>",161.600000,,,,,,,,,,"2014-11-18","2014-12-04","<a refstr=Q1_Q12_KOI_TABLE href=https://exoplanetarchive.ipac.caltech.edu/docs/Kepler_KOI_docs.html target=ref>Q1-Q12 KOI Table</a>","2014-11-18",0,21.800000,-21.800000,0,"161.6&plusmn;21.8",0.548500,0.041800,-0.070600,0,"<div><span class="supersubNumber">0.5485</span> <span class="superscript">+0.0418</span><span class="subscript">-0.0706</span> </div>",,,,,,,,,,,,,,,,,,,,,,,,,,,,,,,,,,,,,,,,,,6238.00,195.00,-227.00,0,"<div><span class="supersubNumber">6238.00</span> <span class="superscript">+195.00</span><span class="subscript">-227.00</span> </div>",-0.4000,0.2800,-0.3000,0,"<div><span class="supersubNumber">-0.400</span> <span class="superscript">+0.280</span><span class="subscript">-0.300</span> </div>",,,,,,,,,,,,,,,,4.378000,0.099000,-0.264000,0,"<div><span class="supersubNumber">4.378</span> <span class="superscript">+0.099</span><span class="subscript">-0.264</span> </div>",,,,0,,0.967000,0.144000,-0.112000,0,"<div><span class="supersubNumber">0.9670</span> <span class="superscript">+0.1440</span><span class="subscript">-0.1120</span> </div>",0.726450,0.098060,-0.089180,0,"<div><span class="supersubNumber">0.72645</span> <span class="superscript">+0.09806</span><span class="subscript">-0.08918</span> </div>",1.054000,0.408000,-0.141000,0,"<div><span class="supersubNumber">1.0540</span> <span class="superscript">+0.4080</span><span class="subscript">-0.1410</span> </div>",1,0,1,1,0,0,0,0,0,0,"Kepler Project Candidate (q1_q12_koi)",1,8,0,0,0,0,0,0,0,0,1,5.4320160,0.0289553,-0.0289553,"5.4320160&plusmn;0.0289553",-4.3791700,0.0295063,-0.0295063,"-4.3791700&plusmn;0.0295063",-3.2139800,0.0279036,-0.0279036,"-3.2139800&plusmn;0.0279036",1.1500700,0.0149210,-0.0149210,"1.150070&plusmn;0.014921",848.25400000,10.81850000,-10.81850000,"848.2540&plusmn;10.8185",14.6040000,0.0090000,-0.0090000,"14.604&plusmn;0.009",13.8830000,0.0690000,-0.0690000,"13.883&plusmn;0.069",12.7900000,0.0290000,-0.0290000,"12.790&plusmn;0.029",12.5310000,0.0330000,-0.0330000,"12.531&plusmn;0.033",12.4820000,0.0240000,-0.0240000
"KOI-351 h","h","KOI-351",,,"TIC 267667295","Gaia DR2 2132193431285570304","Gaia DR3 2132193431285570304",0,"<a refstr=CABRERA_ET_AL__2014 href=https://ui.adsabs.harvard.edu/abs/2014ApJ...781...18C/abstract target=ref> Cabrera et al. 2014 </a>","<a refstr=STASSUN_ET_AL__2019 href=https://ui.adsabs.harvard.edu/abs/2019AJ....158..138S/abstract target=ref>TICv8</a>","2014-01",2013,"Transit","Space","Kepler","Kepler CCD Array","0.95 m Kepler Telescope","<a refstr=CABRERA_ET_AL__2014 href=https://ui.adsabs.harvard.edu/abs/2014ApJ...781...18C/abstract target=ref> Cabrera et al. 2014 </a>",284.4334642,"18h57m44.03s",49.3051239,"+49d18m18.45s",79.26947,19.25567,300.32939,71.22769,331.60059000000,0.00037000000,-0.00037000000,0,"331.60059&plusmn;0.00037",,,,,,1.0100000000,0.1100000000,-0.1100000000,0,"1.01&plusmn;0.11",89.60000,1.30000,-1.30000,0,"89.6&plusmn;1.3",,,,,,,,,,,,,,,,,,,,,,,,,,,,,,,,,,,,2454973.49631000,0.00082000,-0.00082000,0,"2454973.49631&plusmn;0.00082",14.7370000,0.0460000,-0.0460000,0,"14.737&plusmn;0.046","12.482&plusmn;0.024",,,,,,,,,,,,,,,,,12.4380000,0.0230000,-0.0230000,"12.438&plusmn;0.023",12.4760000,0.0230000,-0.0230000,"12.476&plusmn;0.023",12.5130000,0.2770000,-0.2770000,"12.513&plusmn;0.277",9.5880000,,,"9.588",,,,,13.7397000,0.0002170,-0.0002170,"13.739700&plusmn;0.000217",13.3396000,0.0082000,-0.0082000,"13.3396&plusmn;0.0082",0,"HJD","[M/H]",,13.804,,,"13.804",,,,,,,,,,,0.16252225015565333,-0.63145104660463824,0.75819264962557520,-419849693,,,,,,1.00800000,0.08900000,-0.08900000,0,"1.008&plusmn;0.089",11.30000000,1.00000000,-1.00000000,0,"11.3&plusmn;1.0",0.08660000,0.00070000,-0.00070000,0,"0.0866&plusmn;0.0007",180.700000,,,,,,,,,,"2014-05-14","2014-01","<a refstr=CABRERA_ET_AL__2014 href=https://ui.adsabs.harvard.edu/abs/2014ApJ...781...18C/abstract target=ref> Cabrera et al. 2014 </a>","2014-05-14",0,4.700000,-4.700000,0,"180.7&plusmn;4.7",0.360000,0.070000,-0.070000,0,"0.36&plusmn;0.07",,,,,,,,,,,,,,,,,,,,,,,,,,,,,,,,,,,,,,,,,,6080.00,260.00,-170.00,0,"<div><span class="supersubNumber">6080</span> <span class="superscript">+260</span><span class="subscript">-170</span> </div>",-0.1200,0.1800,-0.1800,0,"-0.12&plusmn;0.18",,,,,,4.6000,2.1000,-2.1000,0,"4.6&plusmn;2.1",,,,,,4.400000,,,0,"4.4",,,,,,1.200000,0.100000,-0.100000,0,"1.2&plusmn;0.1",,,,,,1.200000,0.100000,-0.100000,0,"1.2&plusmn;0.1",1,0,1,1,0,0,0,0,0,0,"Published Confirmed",1,8,0,0,0,0,0,0,0,0,1,5.4320160,0.0289553,-0.0289553,"5.4320160&plusmn;0.0289553",-4.3791700,0.0295063,-0.0295063,"-4.3791700&plusmn;0.0295063",-3.2139800,0.0279036,-0.0279036,"-3.2139800&plusmn;0.0279036",1.1500700,0.0149210,-0.0149210,"1.150070&plusmn;0.014921",848.25400000,10.81850000,-10.81850000,"848.2540&plusmn;10.8185",14.6040000,0.0090000,-0.0090000,"14.604&plusmn;0.009",13.8830000,0.0690000,-0.0690000,"13.883&plusmn;0.069",12.7900000,0.0290000,-0.0290000,"12.790&plusmn;0.029",12.5310000,0.0330000,-0.0330000,"12.531&plusmn;0.033",12.4820000,0.0240000,-0.0240000
"KOI-351 d","d","KOI-351",,,"TIC 267667295","Gaia DR2 2132193431285570304","Gaia DR3 2132193431285570304",0,"<a refstr=WEISS_ET_AL__2024 href=https://ui.adsabs.harvard.edu/abs/2024ApJS..270....8W/abstract target=ref>Weiss et al. 2024</a>","<a refstr=STASSUN_ET_AL__2019 href=https://ui.adsabs.harvard.edu/abs/2019AJ....158..138S/abstract target=ref>TICv8</a>","2014-01",2013,"Transit","Space","Kepler","Kepler CCD Array","0.95 m Kepler Telescope","<a refstr=CABRERA_ET_AL__2014 href=https://ui.adsabs.harvard.edu/abs/2014ApJ...781...18C/abstract target=ref> Cabrera et al. 2014 </a>",284.4334642,"18h57m44.03s",49.3051239,"+49d18m18.45s",79.26947,19.25567,300.32939,71.22769,59.73703480000,,,0,"59.7370348",,,,,,0.3094678550,,,0,"0.309467855",,,,,,,,,,,0.000000,,,0,"0",,,,,,,,,,,,,,,,,,,,,,,,,,,,,,,,,,,,"12.482&plusmn;0.024",,,,,,,,,,,,,,,,,12.4380000,0.0230000,-0.0230000,"12.438&plusmn;0.023",12.4760000,0.0230000,-0.0230000,"12.476&plusmn;0.023",12.5130000,0.2770000,-0.2770000,"12.513&plusmn;0.277",9.5880000,,,"9.588",,,,,13.7397000,0.0002170,-0.0002170,"13.739700&plusmn;0.000217",13.3396000,0.0082000,-0.0082000,"13.3396&plusmn;0.0082",0,,,,13.804,,,"13.804",,,,,,,,,,,0.16252225015565333,-0.63145104660463824,0.75819264962557520,-419849693,,,,,,0.25568783,0.00838613,-0.00838613,0,"0.2557&plusmn;0.0084",2.86600000,0.09400000,-0.09400000,0,"2.866&plusmn;0.094",,,,,,,,,,,,,,,,"2024-02-21","2024-01","<a refstr=WEISS_ET_AL__2024 href=https://ui.adsabs.harvard.edu/abs/2024ApJS..270....8W/abstract target=ref>Weiss et al. 2024</a>","2024-02-21",0,,,,,,,,,,,,,,,,,,,,,,,,,,,,,,,,,,,,,,,,,,,,,,,,,,,,,,,,,,,,,,,,,,,,,,,,,,,,,,,,,,,,,,1.108000,0.030500,-0.030500,0,"1.1080&plusmn;0.0305",,,,,,,,,,,0,0,1,0,0,0,0,0,0,0,"Published Confirmed",1,8,0,0,0,0,0,0,0,0,0,5.4320160,0.0289553,-0.0289553,"5.4320160&plusmn;0.0289553",-4.3791700,0.0295063,-0.0295063,"-4.3791700&plusmn;0.0295063",-3.2139800,0.0279036,-0.0279036,"-3.2139800&plusmn;0.0279036",1.1500700,0.0149210,-0.0149210,"1.150070&plusmn;0.014921",848.25400000,10.81850000,-10.81850000,"848.2540&plusmn;10.8185",14.6040000,0.0090000,-0.0090000,"14.604&plusmn;0.009",13.8830000,0.0690000,-0.0690000,"13.883&plusmn;0.069",12.7900000,0.0290000,-0.0290000,"12.790&plusmn;0.029",12.5310000,0.0330000,-0.0330000,"12.531&plusmn;0.033",12.4820000,0.0240000,-0.0240000
"KOI-351 c","c","KOI-351",,,"TIC 267667295","Gaia DR2 2132193431285570304","Gaia DR3 2132193431285570304",0,"<a refstr=Q1_Q16_KOI_TABLE href=https://exoplanetarchive.ipac.caltech.edu/docs/Kepler_KOI_docs.html target=ref>Q1-Q16 KOI Table</a>","<a refstr=STASSUN_ET_AL__2019 href=https://ui.adsabs.harvard.edu/abs/2019AJ....158..138S/abstract target=ref>TICv8</a>","2014-01",2013,"Transit","Space","Kepler","Kepler CCD Array","0.95 m Kepler Telescope","<a refstr=CABRERA_ET_AL__2014 href=https://ui.adsabs.harvard.edu/abs/2014ApJ...781...18C/abstract target=ref> Cabrera et al. 2014 </a>",284.4334642,"18h57m44.03s",49.3051239,"+49d18m18.45s",79.26947,19.25567,300.32939,71.22769,8.71982853000,0.00006248000,-0.00006248000,0,"8.71982853&plusmn;6.248e-05",,,,0,,0.0821000000,,,0,".0821",89.95000,,,0,"89.95",,,,,,0.000000,,,0,"0",986.00,,,0,"986",,,,,,223.3500,262.6900,-78.8600,0,"<div><span class="supersubNumber">223.35</span> <span class="superscript">+262.69</span><span class="subscript">-78.86</span> </div>",,,,,,0.01470000,0.00087000,-0.00087000,0,"0.01470&plusmn0.00087",2454972.52174000,0.00551000,-0.00551000,0,"2454972.522&plusmn;0.00551",3.7740000,0.1740000,-0.1740000,0,"3.774&plusmn;0.174","12.482&plusmn;0.024",,,,,,,,,,,,,,,,,12.4380000,0.0230000,-0.0230000,"12.438&plusmn;0.023",12.4760000,0.0230000,-0.0230000,"12.476&plusmn;0.023",12.5130000,0.2770000,-0.2770000,"12.513&plusmn;0.277",9.5880000,,,"9.588",,,,,13.7397000,0.0002170,-0.0002170,"13.739700&plusmn;0.000217",13.3396000,0.0082000,-0.0082000,"13.3396&plusmn;0.0082",0,"BJD","[Fe/H]",,13.804,,,"13.804",,,,,,,,,,,0.16252225015565333,-0.63145104660463824,0.75819264962557520,-419849693,,,,,,0.11508629,0.04371495,-0.01605855,0,"<div><span class="supersubNumber">0.115</span><span class="superscript">+0.044</span><span class="subscript">-0.016</span></div>",1.29000000,0.49000000,-0.18000000,0,"<div><span class="supersubNumber">1.29</span> <span class="superscript">+0.49</span><span class="subscript">-0.18</span> </div>",0.01116800,0.00053400,-0.00031700,0,"<div><span class="supersubNumber">0.011168</span> <span class="superscript">+0.000534</span><span class="subscript">-0.000317</span> </div>",17.800000,,,,,,,,,,"2014-11-21","2014-12-18","<a refstr=Q1_Q16_KOI_TABLE href=https://exoplanetarchive.ipac.caltech.edu/docs/Kepler_KOI_docs.html target=ref>Q1-Q16 KOI Table</a>","2014-11-21",0,3.000000,-3.000000,0,"17.8&plusmn;3",0.081800,0.364200,-0.081700,0,"<div><span class="supersubNumber">0.0818</span> <span class="superscript">+0.3642</span><span class="subscript">-0.0817</span> </div>",,,,,,,,,,,,,,,,,,,,,,,,,,,,,,,,,,,,,,,,,,6238.00,195.00,-227.00,0,"<div><span class="supersubNumber">6238</span> <span class="superscript">+195</span><span class="subscript">-227</span> </div>",-0.4000,0.2800,-0.3000,0,"<div><span class="supersubNumber">-0.400</span> <span class="superscript">+0.280</span><span class="subscript">-0.300</span> </div>",,,,,,,,,,,,,,,,4.378000,0.099000,-0.264000,0,"<div><span class="supersubNumber">4.378</span> <span class="superscript">+0.099</span><span class="subscript">-0.264</span> </div>",,,,0,,0.967000,0.144000,-0.112000,0,"<div><span class="supersubNumber">0.967</span> <span class="superscript">+0.144</span><span class="subscript">-0.112</span> </div>",1.403430,0.234140,-0.536210,0,"<div><span class="supersubNumber">1.40343</span> <span class="superscript">+0.23414</span><span class="subscript">-0.53621</span> </div>",1.054000,0.408000,-0.141000,0,"<div><span class="supersubNumber">1.054</span> <span class="superscript">+0.408</span><span class="subscript">-0.141</span> </div>",0,0,1,0,0,0,0,0,0,0,"Kepler Project Candidate (q1_q16_koi)",1,8,0,0,0,0,0,0,0,0,0,5.4320160,0.0289553,-0.0289553,"5.4320160&plusmn;0.0289553",-4.3791700,0.0295063,-0.0295063,"-4.3791700&plusmn;0.0295063",-3.2139800,0.0279036,-0.0279036,"-3.2139800&plusmn;0.0279036",1.1500700,0.0149210,-0.0149210,"1.150070&plusmn;0.014921",848.25400000,10.81850000,-10.81850000,"848.2540&plusmn;10.8185",14.6040000,0.0090000,-0.0090000,"14.604&plusmn;0.009",13.8830000,0.0690000,-0.0690000,"13.883&plusmn;0.069",12.7900000,0.0290000,-0.0290000,"12.790&plusmn;0.029",12.5310000,0.0330000,-0.0330000,"12.531&plusmn;0.033",12.4820000,0.0240000,-0.0240000
"KOI-351 g","g","KOI-351",,,"TIC 267667295","Gaia DR2 2132193431285570304","Gaia DR3 2132193431285570304",1,"<a refstr=SHAW_ET_AL__2025 href=https://ui.adsabs.harvard.edu/abs/2025AJ....170..146S/abstract target=ref>Shaw et al. 2025</a>","<a refstr=STASSUN_ET_AL__2019 href=https://ui.adsabs.harvard.edu/abs/2019AJ....158..138S/abstract target=ref>TICv8</a>","2014-01",2013,"Transit","Space","Kepler","Kepler CCD Array","0.95 m Kepler Telescope","<a refstr=CABRERA_ET_AL__2014 href=https://ui.adsabs.harvard.edu/abs/2014ApJ...781...18C/abstract target=ref> Cabrera et al. 2014 </a>",284.4334642,"18h57m44.03s",49.3051239,"+49d18m18.45s",79.26947,19.25567,300.32939,71.22769,210.73514000000,0.00017000000,-0.00017000000,0,"210.73514&plusmn;0.00017",3.5000,114.6000,-3.8000,0,"<div><span class="supersubNumber">114.6</span><span class="superscript">+3.5</span><span class="subscript">-3.8</span></div>",,,,,,,,,,,,,,,,0.029200,0.003800,-0.003800,0,"0.0292&plusmn;0.0038",,,,,,,,,,,,,,,,,,,,,0.38000000,0.01000000,-0.01000000,0,"0.38&plusmn;0.01",2454979.97608000,0.00091000,-0.00092000,0,"<div><span class="supersubNumber">2454979.97608</span><span class="superscript">+0.00091</span><span class="subscript">-0.00092</span></div>",12.3200000,0.1800000,-0.1800000,0,"12.32&plusmn;0.18","12.482&plusmn;0.024",,,,,,,,,,,,,,,,,12.4380000,0.0230000,-0.0230000,"12.438&plusmn;0.023",12.4760000,0.0230000,-0.0230000,"12.476&plusmn;0.023",12.5130000,0.2770000,-0.2770000,"12.513&plusmn;0.277",9.5880000,,,"9.588",,,,,13.7397000,0.0002170,-0.0002170,"13.739700&plusmn;0.000217",13.3396000,0.0082000,-0.0082000,"13.3396&plusmn;0.0082",0,"BJD",,,13.804,,,"13.804",,,,,,,,,,,0.16252225015565333,-0.63145104660463824,0.75819264962557520,-419849693,,,,,,,,,,,,,,,,,,,,,,,,,,,,,,,"2025-10-02","2025-09","<a refstr=SHAW_ET_AL__2025 href=https://ui.adsabs.harvard.edu/abs/2025AJ....170..146S/abstract target=ref>Shaw et al. 2025</a>","2025-10-02",0,,,,,,,,,,,,,,,,,,,,0.04719528,0.00409026,-0.00409026,0,"0.0472&plusmn;0.0041",15.00000000,1.30000000,-1.30000000,0,"15.0&plusmn;1.3",0.04719528,0.00409026,-0.00409026,0,"0.0472&plusmn;0.0041",15.00000000,1.30000000,-1.30000000,0,"15.0&plusmn;1.3","Mass",,,,,,,,,,,,,,,,,,,,,,,,,,,,,,,,,,,,,,,,,,,,,,1.242000,0.096000,-0.097000,0,"<div><span class="supersubNumber">1.242</span><span class="superscript">+0.096</span><span class="subscript">-0.097</span></div>",,,,,,,,,,,1,0,1,0,0,0,0,0,0,0,"Published Confirmed",1,8,0,0,0,0,0,0,0,0,0,5.4320160,0.0289553,-0.0289553,"5.4320160&plusmn;0.0289553",-4.3791700,0.0295063,-0.0295063,"-4.3791700&plusmn;0.0295063",-3.2139800,0.0279036,-0.0279036,"-3.2139800&plusmn;0.0279036",1.1500700,0.0149210,-0.0149210,"1.150070&plusmn;0.014921",848.25400000,10.81850000,-10.81850000,"848.2540&plusmn;10.8185",14.6040000,0.0090000,-0.0090000,"14.604&plusmn;0.009",13.8830000,0.0690000,-0.0690000,"13.883&plusmn;0.069",12.7900000,0.0290000,-0.0290000,"12.790&plusmn;0.029",12.5310000,0.0330000,-0.0330000,"12.531&plusmn;0.033",12.4820000,0.0240000,-0.0240000
"KOI-351 g","g","KOI-351",,,"TIC 267667295","Gaia DR2 2132193431285570304","Gaia DR3 2132193431285570304",0,"<a refstr=WEISS_ET_AL__2024 href=https://ui.adsabs.harvard.edu/abs/2024ApJS..270....8W/abstract target=ref>Weiss et al. 2024</a>","<a refstr=STASSUN_ET_AL__2019 href=https://ui.adsabs.harvard.edu/abs/2019AJ....158..138S/abstract target=ref>TICv8</a>","2014-01",2013,"Transit","Space","Kepler","Kepler CCD Array","0.95 m Kepler Telescope","<a refstr=CABRERA_ET_AL__2014 href=https://ui.adsabs.harvard.edu/abs/2014ApJ...781...18C/abstract target=ref> Cabrera et al. 2014 </a>",284.4334642,"18h57m44.03s",49.3051239,"+49d18m18.45s",79.26947,19.25567,300.32939,71.22769,210.60311050000,,,0,"210.6031105",,,,,,0.7168522035,,,0,"0.7168522035",,,,,,,,,,,0.000000,,,0,"0",,,,,,,,,,,,,,,,0.272128,0.294090,-0.294090,0,"0.2721282788&plusmn;0.2940904880",,,,,,,,,,,,,,,,"12.482&plusmn;0.024",,,,,,,,,,,,,,,,,12.4380000,0.0230000,-0.0230000,"12.438&plusmn;0.023",12.4760000,0.0230000,-0.0230000,"12.476&plusmn;0.023",12.5130000,0.2770000,-0.2770000,"12.513&plusmn;0.277",9.5880000,,,"9.588",,,,,13.7397000,0.0002170,-0.0002170,"13.739700&plusmn;0.000217",13.3396000,0.0082000,-0.0082000,"13.3396&plusmn;0.0082",0,,,,13.804,,,"13.804",,,,,,,,,,,0.16252225015565333,-0.63145104660463824,0.75819264962557520,-419849693,2.27919,2.46088,-2.46088,0,"2.279188&plusmn;2.460876",0.68855503,0.01837812,-0.01837812,0,"0.6886&plusmn;0.0184",7.71800000,0.20600000,-0.20600000,0,"7.718&plusmn;0.206",,,,,,,,,,,,,,,,"2024-02-21","2024-01","<a refstr=WEISS_ET_AL__2024 href=https://ui.adsabs.harvard.edu/abs/2024ApJS..270....8W/abstract target=ref>Weiss et al. 2024</a>","2024-02-21",0,,,,,,,,,,,,,,,,,,,,,,,,,,,,,,0.07144037,0.07713532,-0.07713532,0,"0.071440368250&plusmn;0.077135316460",22.70577859,24.51579472,-24.51579472,0,"22.70577859&plusmn;24.51579472","Msini",0.07144037,0.07713532,-0.07713532,0,"0.071440368250&plusmn;0.077135316460",22.70577859,24.51579472,-24.51579472,0,"22.70577859&plusmn;24.51579472",,,,,,,,,,,,,,,,,,,,,,,,,,,,,,,,,,,,1.108000,0.030500,-0.030500,0,"1.1080&plusmn;0.0305",,,,,,,,,,,1,0,1,0,0,0,0,0,0,0,"Published Confirmed",1,8,0,0,0,0,0,0,0,0,0,5.4320160,0.0289553,-0.0289553,"5.4320160&plusmn;0.0289553",-4.3791700,0.0295063,-0.0295063,"-4.3791700&plusmn;0.0295063",-3.2139800,0.0279036,-0.0279036,"-3.2139800&plusmn;0.0279036",1.1500700,0.0149210,-0.0149210,"1.150070&plusmn;0.014921",848.25400000,10.81850000,-10.81850000,"848.2540&plusmn;10.8185",14.6040000,0.0090000,-0.0090000,"14.604&plusmn;0.009",13.8830000,0.0690000,-0.0690000,"13.883&plusmn;0.069",12.7900000,0.0290000,-0.0290000,"12.790&plusmn;0.029",12.5310000,0.0330000,-0.0330000,"12.531&plusmn;0.033",12.4820000,0.0240000,-0.0240000
"KOI-351 h","h","KOI-351",,,"TIC 267667295","Gaia DR2 2132193431285570304","Gaia DR3 2132193431285570304",0,"<a refstr=Q1_Q17_DR24_KOI_TABLE href=https://exoplanetarchive.ipac.caltech.edu/docs/Kepler_KOI_docs.html target=ref>Q1-Q17 DR24 KOI Table</a>","<a refstr=STASSUN_ET_AL__2019 href=https://ui.adsabs.harvard.edu/abs/2019AJ....158..138S/abstract target=ref>TICv8</a>","2014-01",2013,"Transit","Space","Kepler","Kepler CCD Array","0.95 m Kepler Telescope","<a refstr=CABRERA_ET_AL__2014 href=https://ui.adsabs.harvard.edu/abs/2014ApJ...781...18C/abstract target=ref> Cabrera et al. 2014 </a>",284.4334642,"18h57m44.03s",49.3051239,"+49d18m18.45s",79.26947,19.25567,300.32939,71.22769,331.60110810000,0.00071160000,-0.00071160000,0,"331.6011081&plusmn;0.0007116",,,,0,,0.9279000000,,,0,".9279",89.95000,,,0,"89.95",,,,,,0.000000,,,0,"0",293.00,,,0,"293",,,,,,1.7500,2.0500,-0.6200,0,"<div><span class="supersubNumber">1.75</span> <span class="superscript">+2.05</span><span class="subscript">-0.62</span> </div>",,,,,,0.83890000,0.00341000,-0.00341000,0,"0.83890&plusmn0.00341",2454973.49087000,0.00243000,-0.00243000,0,"2454973.491&plusmn;0.00243",14.7070000,0.1300000,-0.1300000,0,"14.707&plusmn;0.13","12.482&plusmn;0.024",,,,,,,,,,,,,,,,,12.4380000,0.0230000,-0.0230000,"12.438&plusmn;0.023",12.4760000,0.0230000,-0.0230000,"12.476&plusmn;0.023",12.5130000,0.2770000,-0.2770000,"12.513&plusmn;0.277",9.5880000,,,"9.588",,,,,13.7397000,0.0002170,-0.0002170,"13.739700&plusmn;0.000217",13.3396000,0.0082000,-0.0082000,"13.3396&plusmn;0.0082",0,"BJD","[Fe/H]",,13.804,,,"13.804",,,,,,,,,,,0.16252225015565333,-0.63145104660463824,0.75819264962557520,-419849693,,,,,,0.89303392,0.34525887,-0.11954700,0,"<div><span class="supersubNumber">0.893</span><span class="superscript">+0.345</span><span class="subscript">-0.120</span></div>",10.01000000,3.87000000,-1.34000000,0,"<div><span class="supersubNumber">10.01</span> <span class="superscript">+3.87</span><span class="subscript">-1.34</span> </div>",0.08693200,0.00036200,-0.00112300,0,"<div><span class="supersubNumber">0.086932</span> <span class="superscript">+0.000362</span><span class="subscript">-0.001123</span> </div>",161.600000,,,,,,,,,,"2015-08-25","2015-09-24","<a refstr=Q1_Q17_DR24_KOI_TABLE href=https://exoplanetarchive.ipac.caltech.edu/docs/Kepler_KOI_docs.html target=ref>Q1-Q17 DR24 KOI Table</a>","2015-08-25",0,21.800000,-21.800000,0,"161.6&plusmn;21.8",0.548500,0.041800,-0.070600,0,"<div><span class="supersubNumber">0.5485</span> <span class="superscript">+0.0418</span><span class="subscript">-0.0706</span> </div>",,,,,,,,,,,,,,,,,,,,,,,,,,,,,,,,,,,,,,,,,,6238.00,195.00,-227.00,0,"<div><span class="supersubNumber">6238</span> <span class="superscript">+195</span><span class="subscript">-227</span> </div>",-0.4000,0.2800,-0.3000,0,"<div><span class="supersubNumber">-0.400</span> <span class="superscript">+0.280</span><span class="subscript">-0.300</span> </div>",,,,,,,,,,,,,,,,4.378000,0.099000,-0.264000,0,"<div><span class="supersubNumber">4.378</span> <span class="superscript">+0.099</span><span class="subscript">-0.264</span> </div>",,,,0,,0.967000,0.144000,-0.112000,0,"<div><span class="supersubNumber">0.967</span> <span class="superscript">+0.144</span><span class="subscript">-0.112</span> </div>",0.726450,0.098060,-0.089180,0,"<div><span class="supersubNumber">0.72645</span> <span class="superscript">+0.09806</span><span class="subscript">-0.08918</span> </div>",1.054000,0.408000,-0.141000,0,"<div><span class="supersubNumber">1.054</span> <span class="superscript">+0.408</span><span class="subscript">-0.141</span> </div>",1,0,1,1,0,0,0,0,0,0,"Kepler Project Candidate (q1_q17_dr24_koi)",1,8,0,0,0,0,0,0,0,0,1,5.4320160,0.0289553,-0.0289553,"5.4320160&plusmn;0.0289553",-4.3791700,0.0295063,-0.0295063,"-4.3791700&plusmn;0.0295063",-3.2139800,0.0279036,-0.0279036,"-3.2139800&plusmn;0.0279036",1.1500700,0.0149210,-0.0149210,"1.150070&plusmn;0.014921",848.25400000,10.81850000,-10.81850000,"848.2540&plusmn;10.8185",14.6040000,0.0090000,-0.0090000,"14.604&plusmn;0.009",13.8830000,0.0690000,-0.0690000,"13.883&plusmn;0.069",12.7900000,0.0290000,-0.0290000,"12.790&plusmn;0.029",12.5310000,0.0330000,-0.0330000,"12.531&plusmn;0.033",12.4820000,0.0240000,-0.0240000
"KOI-351 g","g","KOI-351",,,"TIC 267667295","Gaia DR2 2132193431285570304","Gaia DR3 2132193431285570304",0,"<a refstr=Q1_Q16_KOI_TABLE href=https://exoplanetarchive.ipac.caltech.edu/docs/Kepler_KOI_docs.html target=ref>Q1-Q16 KOI Table</a>","<a refstr=STASSUN_ET_AL__2019 href=https://ui.adsabs.harvard.edu/abs/2019AJ....158..138S/abstract target=ref>TICv8</a>","2014-01",2013,"Transit","Space","Kepler","Kepler CCD Array","0.95 m Kepler Telescope","<a refstr=CABRERA_ET_AL__2014 href=https://ui.adsabs.harvard.edu/abs/2014ApJ...781...18C/abstract target=ref> Cabrera et al. 2014 </a>",284.4334642,"18h57m44.03s",49.3051239,"+49d18m18.45s",79.26947,19.25567,300.32939,71.22769,210.60311050000,0.00038210000,-0.00038210000,0,"210.6031105&plusmn;0.0003821",,,,0,,0.6856000000,,,0,".6856",89.95000,,,0,"89.95",,,,,,0.000000,,,0,"0",341.00,,,0,"341",,,,,,3.2000,3.7700,-1.1300,0,"<div><span class="supersubNumber">3.20</span> <span class="superscript">+3.77</span><span class="subscript">-1.13</span> </div>",,,,,,0.41967000,0.00262000,-0.00262000,0,"0.41967&plusmn0.00262",2454980.05040000,0.00157000,-0.00157000,0,"2454980.05&plusmn;0.00157",11.9149000,0.0385000,-0.0385000,0,"11.9149&plusmn;0.0385","12.482&plusmn;0.024",,,,,,,,,,,,,,,,,12.4380000,0.0230000,-0.0230000,"12.438&plusmn;0.023",12.4760000,0.0230000,-0.0230000,"12.476&plusmn;0.023",12.5130000,0.2770000,-0.2770000,"12.513&plusmn;0.277",9.5880000,,,"9.588",,,,,13.7397000,0.0002170,-0.0002170,"13.739700&plusmn;0.000217",13.3396000,0.0082000,-0.0082000,"13.3396&plusmn;0.0082",0,"BJD","[Fe/H]",,13.804,,,"13.804",,,,,,,,,,,0.16252225015565333,-0.63145104660463824,0.75819264962557520,-419849693,,,,,,0.61200926,0.23730971,-0.08207704,0,"<div><span class="supersubNumber">0.612</span><span class="superscript">+0.237</span><span class="subscript">-0.082</span></div>",6.86000000,2.66000000,-0.92000000,0,"<div><span class="supersubNumber">6.86</span> <span class="superscript">+2.66</span><span class="subscript">-0.92</span> </div>",0.05962200,0.00022800,-0.00020900,0,"<div><span class="supersubNumber">0.059622</span> <span class="superscript">+0.000228</span><span class="subscript">-0.000209</span> </div>",143.068000,,,,,,,,,,"2014-11-21","2014-12-18","<a refstr=Q1_Q16_KOI_TABLE href=https://exoplanetarchive.ipac.caltech.edu/docs/Kepler_KOI_docs.html target=ref>Q1-Q16 KOI Table</a>","2014-11-21",0,0.549000,-0.549000,0,"143.068&plusmn;0.549",0.015400,0.125700,-0.015400,0,"<div><span class="supersubNumber">0.0154</span> <span class="superscript">+0.1257</span><span class="subscript">-0.0154</span> </div>",,,,,,,,,,,,,,,,,,,,,,,,,,,,,,,,,,,,,,,,,,6238.00,195.00,-227.00,0,"<div><span class="supersubNumber">6238</span> <span class="superscript">+195</span><span class="subscript">-227</span> </div>",-0.4000,0.2800,-0.3000,0,"<div><span class="supersubNumber">-0.400</span> <span class="superscript">+0.280</span><span class="subscript">-0.300</span> </div>",,,,,,,,,,,,,,,,4.378000,0.099000,-0.264000,0,"<div><span class="supersubNumber">4.378</span> <span class="superscript">+0.099</span><span class="subscript">-0.264</span> </div>",,,,0,,0.967000,0.144000,-0.112000,0,"<div><span class="supersubNumber">0.967</span> <span class="superscript">+0.144</span><span class="subscript">-0.112</span> </div>",1.248990,0.004790,-0.061070,0,"<div><span class="supersubNumber">1.24899</span> <span class="superscript">+0.00479</span><span class="subscript">-0.06107</span> </div>",1.054000,0.408000,-0.141000,0,"<div><span class="supersubNumber">1.054</span> <span class="superscript">+0.408</span><span class="subscript">-0.141</span> </div>",1,0,1,0,0,0,0,0,0,0,"Kepler Project Candidate (q1_q16_koi)",1,8,0,0,0,0,0,0,0,0,0,5.4320160,0.0289553,-0.0289553,"5.4320160&plusmn;0.0289553",-4.3791700,0.0295063,-0.0295063,"-4.3791700&plusmn;0.0295063",-3.2139800,0.0279036,-0.0279036,"-3.2139800&plusmn;0.0279036",1.1500700,0.0149210,-0.0149210,"1.150070&plusmn;0.014921",848.25400000,10.81850000,-10.81850000,"848.2540&plusmn;10.8185",14.6040000,0.0090000,-0.0090000,"14.604&plusmn;0.009",13.8830000,0.0690000,-0.0690000,"13.883&plusmn;0.069",12.7900000,0.0290000,-0.0290000,"12.790&plusmn;0.029",12.5310000,0.0330000,-0.0330000,"12.531&plusmn;0.033",12.4820000,0.0240000,-0.0240000
"KOI-351 f","f","KOI-351",,,"TIC 267667295","Gaia DR2 2132193431285570304","Gaia DR3 2132193431285570304",0,"<a refstr=BERGER_ET_AL__2018 href=https://ui.adsabs.harvard.edu/abs/2018ApJ...866...99B/abstract target=ref>Berger et al. 2018</a>","<a refstr=STASSUN_ET_AL__2019 href=https://ui.adsabs.harvard.edu/abs/2019AJ....158..138S/abstract target=ref>TICv8</a>","2014-01",2013,"Transit","Space","Kepler","Kepler CCD Array","0.95 m Kepler Telescope","<a refstr=CABRERA_ET_AL__2014 href=https://ui.adsabs.harvard.edu/abs/2014ApJ...781...18C/abstract target=ref> Cabrera et al. 2014 </a>",284.4334642,"18h57m44.03s",49.3051239,"+49d18m18.45s",79.26947,19.25567,300.32939,71.22769,,,,,,,,,,,,,,,,,,,,,,,,,,,,,,,,,,,,,,,,,6.7960,0.2320,-0.2240,0,"<div><span class="supersubNumber">6.796</span><span class="superscript">+0.232</span><span class="subscript">-0.224</span></div>",,,,,,,,,,,,,,,,,,,,,"12.482&plusmn;0.024",,,,,,,,,,,,,,,,,12.4380000,0.0230000,-0.0230000,"12.438&plusmn;0.023",12.4760000,0.0230000,-0.0230000,"12.476&plusmn;0.023",12.5130000,0.2770000,-0.2770000,"12.513&plusmn;0.277",9.5880000,,,"9.588",,,,,13.7397000,0.0002170,-0.0002170,"13.739700&plusmn;0.000217",13.3396000,0.0082000,-0.0082000,"13.3396&plusmn;0.0082",0,,,,13.804,,,"13.804",,,,,,,,,,,0.16252225015565333,-0.63145104660463824,0.75819264962557520,-419849693,,,,,,0.30350611,0.04469623,-0.06646445,0,"<div><span class="supersubNumber">0.3035</span><span class="superscript">+0.0447</span><span class="subscript">-0.0665</span></div>",3.40200000,0.50100000,-0.74500000,0,"<div><span class="supersubNumber">3.402</span><span class="superscript">+0.501</span><span class="subscript">-0.745</span></div>",,,,,,,,,,,,,,,,"2018-09-04","2018-10","<a refstr=BERGER_ET_AL__2018 href=https://ui.adsabs.harvard.edu/abs/2018ApJ...866...99B/abstract target=ref>Berger et al. 2018</a>","2018-09-06",0,,,,,,,,,,,,,,,,,,,,,,,,,,,,,,,,,,,,,,,,,,,,,,,,,,,6015.00,120.00,-120.00,0,"6015&plusmn;120",,,,,,,,,,,,,,,,,,,,,,,,,,,,,,,,,,,,,,,,,1.211000,0.054000,-0.051000,0,"<div><span class="supersubNumber">1.211</span><span class="superscript">+0.054</span><span class="subscript">-0.051</span></div>",0,0,1,0,0,0,0,0,0,0,"Published Confirmed",1,8,0,0,0,0,0,0,0,0,0,5.4320160,0.0289553,-0.0289553,"5.4320160&plusmn;0.0289553",-4.3791700,0.0295063,-0.0295063,"-4.3791700&plusmn;0.0295063",-3.2139800,0.0279036,-0.0279036,"-3.2139800&plusmn;0.0279036",1.1500700,0.0149210,-0.0149210,"1.150070&plusmn;0.014921",848.25400000,10.81850000,-10.81850000,"848.2540&plusmn;10.8185",14.6040000,0.0090000,-0.0090000,"14.604&plusmn;0.009",13.8830000,0.0690000,-0.0690000,"13.883&plusmn;0.069",12.7900000,0.0290000,-0.0290000,"12.790&plusmn;0.029",12.5310000,0.0330000,-0.0330000,"12.531&plusmn;0.033",12.4820000,0.0240000,-0.0240000
"KOI-351 f","f","KOI-351",,,"TIC 267667295","Gaia DR2 2132193431285570304","Gaia DR3 2132193431285570304",0,"<a refstr=WEISS_ET_AL__2024 href=https://ui.adsabs.harvard.edu/abs/2024ApJS..270....8W/abstract target=ref>Weiss et al. 2024</a>","<a refstr=STASSUN_ET_AL__2019 href=https://ui.adsabs.harvard.edu/abs/2019AJ....158..138S/abstract target=ref>TICv8</a>","2014-01",2013,"Transit","Space","Kepler","Kepler CCD Array","0.95 m Kepler Telescope","<a refstr=CABRERA_ET_AL__2014 href=https://ui.adsabs.harvard.edu/abs/2014ApJ...781...18C/abstract target=ref> Cabrera et al. 2014 </a>",284.4334642,"18h57m44.03s",49.3051239,"+49d18m18.45s",79.26947,19.25567,300.32939,71.22769,124.91633700000,,,0,"124.916337",,,,,,0.5060567991,,,0,"0.5060567991",,,,,,,,,,,0.000000,,,0,"0",,,,,,,,,,,,,,,,,,,,,,,,,,,,,,,,,,,,"12.482&plusmn;0.024",,,,,,,,,,,,,,,,,12.4380000,0.0230000,-0.0230000,"12.438&plusmn;0.023",12.4760000,0.0230000,-0.0230000,"12.476&plusmn;0.023",12.5130000,0.2770000,-0.2770000,"12.513&plusmn;0.277",9.5880000,,,"9.588",,,,,13.7397000,0.0002170,-0.0002170,"13.739700&plusmn;0.000217",13.3396000,0.0082000,-0.0082000,"13.3396&plusmn;0.0082",0,,,,13.804,,,"13.804",,,,,,,,,,,0.16252225015565333,-0.63145104660463824,0.75819264962557520,-419849693,,,,,,0.24712327,0.01070570,-0.01070570,0,"0.247&plusmn;0.011",2.77000000,0.12000000,-0.12000000,0,"2.77&plusmn;0.12",,,,,,,,,,,,,,,,"2024-02-21","2024-01","<a refstr=WEISS_ET_AL__2024 href=https://ui.adsabs.harvard.edu/abs/2024ApJS..270....8W/abstract target=ref>Weiss et al. 2024</a>","2024-02-21",0,,,,,,,,,,,,,,,,,,,,,,,,,,,,,,,,,,,,,,,,,,,,,,,,,,,,,,,,,,,,,,,,,,,,,,,,,,,,,,,,,,,,,,1.108000,0.030500,-0.030500,0,"1.1080&plusmn;0.0305",,,,,,,,,,,0,0,1,0,0,0,0,0,0,0,"Published Confirmed",1,8,0,0,0,0,0,0,0,0,0,5.4320160,0.0289553,-0.0289553,"5.4320160&plusmn;0.0289553",-4.3791700,0.0295063,-0.0295063,"-4.3791700&plusmn;0.0295063",-3.2139800,0.0279036,-0.0279036,"-3.2139800&plusmn;0.0279036",1.1500700,0.0149210,-0.0149210,"1.150070&plusmn;0.014921",848.25400000,10.81850000,-10.81850000,"848.2540&plusmn;10.8185",14.6040000,0.0090000,-0.0090000,"14.604&plusmn;0.009",13.8830000,0.0690000,-0.0690000,"13.883&plusmn;0.069",12.7900000,0.0290000,-0.0290000,"12.790&plusmn;0.029",12.5310000,0.0330000,-0.0330000,"12.531&plusmn;0.033",12.4820000,0.0240000,-0.0240000
"KOI-351 g","g","KOI-351",,,"TIC 267667295","Gaia DR2 2132193431285570304","Gaia DR3 2132193431285570304",0,"<a refstr=Q1_Q17_DR25_KOI_TABLE href=https://exoplanetarchive.ipac.caltech.edu/docs/Kepler_KOI_docs.html target=ref>Q1-Q17 DR25 KOI Table</a>","<a refstr=STASSUN_ET_AL__2019 href=https://ui.adsabs.harvard.edu/abs/2019AJ....158..138S/abstract target=ref>TICv8</a>","2014-01",2013,"Transit","Space","Kepler","Kepler CCD Array","0.95 m Kepler Telescope","<a refstr=CABRERA_ET_AL__2014 href=https://ui.adsabs.harvard.edu/abs/2014ApJ...781...18C/abstract target=ref> Cabrera et al. 2014 </a>",284.4334642,"18h57m44.03s",49.3051239,"+49d18m18.45s",79.26947,19.25567,300.32939,71.22769,210.60138430000,0.00023470000,-0.00023470000,0,"210.6013843&plusmn;0.0002347",,,,0,,0.7133000000,,,0,".7133",90.00000,,,0,"90",,,,,,0.000000,,,0,"0",342.00,,,0,"342",,,,,,3.2200,1.4500,-1.0100,0,"<div><span class="supersubNumber">3.22</span> <span class="superscript">+1.45</span><span class="subscript">-1.01</span> </div>",,,,,,0.41593000,0.00185000,-0.00185000,0,"0.41593&plusmn0.00185",2454980.05686700,0.00088600,-0.00088600,0,"2454980.057&plusmn;0.000886",11.9922000,0.0347000,-0.0347000,0,"11.9922&plusmn;0.0347","12.482&plusmn;0.024",,,,,,,,,,,,,,,,,12.4380000,0.0230000,-0.0230000,"12.438&plusmn;0.023",12.4760000,0.0230000,-0.0230000,"12.476&plusmn;0.023",12.5130000,0.2770000,-0.2770000,"12.513&plusmn;0.277",9.5880000,,,"9.588",,,,,13.7397000,0.0002170,-0.0002170,"13.739700&plusmn;0.000217",13.3396000,0.0082000,-0.0082000,"13.3396&plusmn;0.0082",0,"BJD","[Fe/H]",,13.804,,,"13.804",,,,,,,,,,,0.16252225015565333,-0.63145104660463824,0.75819264962557520,-419849693,,,,,,0.68694917,0.11151772,-0.09189060,0,"<div><span class="supersubNumber">0.687</span><span class="superscript">+0.112</span><span class="subscript">-0.092</span></div>",7.70000000,1.25000000,-1.03000000,0,"<div><span class="supersubNumber">7.7</span> <span class="superscript">+1.25</span><span class="subscript">-1.03</span> </div>",0.05874800,0.00028000,-0.00014000,0,"<div><span class="supersubNumber">0.058748</span> <span class="superscript">+0.00028</span><span class="subscript">-0.00014</span> </div>",142.042000,,,,,,,,,,"2017-05-08","2017-08-31 00:00","<a refstr=Q1_Q17_DR25_KOI_TABLE href=https://exoplanetarchive.ipac.caltech.edu/docs/Kepler_KOI_docs.html target=ref>Q1-Q17 DR25 KOI Table</a>","2017-05-08",0,0.743000,-0.743000,0,"142.042&plusmn;0.743",0.002000,0.172000,-0.002000,0,"<div><span class="supersubNumber">0.002</span> <span class="superscript">+0.172</span><span class="subscript">-0.002</span> </div>",,,,,,,,,,,,,,,,,,,,,,,,,,,,,,,,,,,,,,,,,,5970.00,107.00,-131.00,0,"<div><span class="supersubNumber">5970</span> <span class="superscript">+107</span><span class="subscript">-131</span> </div>",0.1000,0.1500,-0.1500,0,"0.1&plusmn;0.15",,,,,,,,,,,,,,,,4.317000,0.110000,-0.121000,0,"<div><span class="supersubNumber">4.317</span> <span class="superscript">+0.11</span><span class="subscript">-0.121</span> </div>",,,,0,,1.089000,0.089000,-0.080000,0,"<div><span class="supersubNumber">1.089</span> <span class="superscript">+0.089</span><span class="subscript">-0.08</span> </div>",1.222330,0.006390,-0.081230,0,"<div><span class="supersubNumber">1.22233</span> <span class="superscript">+0.00639</span><span class="subscript">-0.08123</span> </div>",1.200000,0.195000,-0.160000,0,"<div><span class="supersubNumber">1.2</span> <span class="superscript">+0.195</span><span class="subscript">-0.16</span> </div>",1,0,1,0,0,0,0,0,0,0,"Kepler Project Candidate (q1_q17_dr25_koi)",1,8,0,0,0,0,0,0,0,0,0,5.4320160,0.0289553,-0.0289553,"5.4320160&plusmn;0.0289553",-4.3791700,0.0295063,-0.0295063,"-4.3791700&plusmn;0.0295063",-3.2139800,0.0279036,-0.0279036,"-3.2139800&plusmn;0.0279036",1.1500700,0.0149210,-0.0149210,"1.150070&plusmn;0.014921",848.25400000,10.81850000,-10.81850000,"848.2540&plusmn;10.8185",14.6040000,0.0090000,-0.0090000,"14.604&plusmn;0.009",13.8830000,0.0690000,-0.0690000,"13.883&plusmn;0.069",12.7900000,0.0290000,-0.0290000,"12.790&plusmn;0.029",12.5310000,0.0330000,-0.0330000,"12.531&plusmn;0.033",12.4820000,0.0240000,-0.0240000
"KOI-351 d","d","KOI-351",,,"TIC 267667295","Gaia DR2 2132193431285570304","Gaia DR3 2132193431285570304",0,"<a refstr=Q1_Q17_DR25_KOI_TABLE href=https://exoplanetarchive.ipac.caltech.edu/docs/Kepler_KOI_docs.html target=ref>Q1-Q17 DR25 KOI Table</a>","<a refstr=STASSUN_ET_AL__2019 href=https://ui.adsabs.harvard.edu/abs/2019AJ....158..138S/abstract target=ref>TICv8</a>","2014-01",2013,"Transit","Space","Kepler","Kepler CCD Array","0.95 m Kepler Telescope","<a refstr=CABRERA_ET_AL__2014 href=https://ui.adsabs.harvard.edu/abs/2014ApJ...781...18C/abstract target=ref> Cabrera et al. 2014 </a>",284.4334642,"18h57m44.03s",49.3051239,"+49d18m18.45s",79.26947,19.25567,300.32939,71.22769,59.73714430000,0.00024020000,-0.00024020000,0,"59.7371443&plusmn;0.0002402",,,,0,,0.3080000000,,,0,".308",89.99000,,,0,"89.99",,,,,,0.000000,,,0,"0",520.00,,,0,"520",,,,,,17.2600,7.7800,-5.4000,0,"<div><span class="supersubNumber">17.26</span> <span class="superscript">+7.78</span><span class="subscript">-5.40</span> </div>",,,,,,0.05664000,0.00133000,-0.00133000,0,"0.05664&plusmn0.00133",2454991.95974000,0.00276000,-0.00276000,0,"2454991.96&plusmn;0.00276",8.0006000,0.0951000,-0.0951000,0,"8.0006&plusmn;0.0951","12.482&plusmn;0.024",,,,,,,,,,,,,,,,,12.4380000,0.0230000,-0.0230000,"12.438&plusmn;0.023",12.4760000,0.0230000,-0.0230000,"12.476&plusmn;0.023",12.5130000,0.2770000,-0.2770000,"12.513&plusmn;0.277",9.5880000,,,"9.588",,,,,13.7397000,0.0002170,-0.0002170,"13.739700&plusmn;0.000217",13.3396000,0.0082000,-0.0082000,"13.3396&plusmn;0.0082",0,"BJD","[Fe/H]",,13.804,,,"13.804",,,,,,,,,,,0.16252225015565333,-0.63145104660463824,0.75819264962557520,-419849693,,,,,,0.25336827,0.04103852,-0.03390139,0,"<div><span class="supersubNumber">0.253</span><span class="superscript">+0.041</span><span class="subscript">-0.034</span></div>",2.84000000,0.46000000,-0.38000000,0,"<div><span class="supersubNumber">2.84</span> <span class="superscript">+0.46</span><span class="subscript">-0.38</span> </div>",0.02167800,0.00061200,-0.00029500,0,"<div><span class="supersubNumber">0.021678</span> <span class="superscript">+0.000612</span><span class="subscript">-0.000295</span> </div>",58.279100,,,,,,,,,,"2017-05-08","2017-08-31 00:00","<a refstr=Q1_Q17_DR25_KOI_TABLE href=https://exoplanetarchive.ipac.caltech.edu/docs/Kepler_KOI_docs.html target=ref>Q1-Q17 DR25 KOI Table</a>","2017-05-08",0,0.042200,-0.042200,0,"58.2791&plusmn;0.0422",0.005000,0.413000,-0.005000,0,"<div><span class="supersubNumber">0.005</span> <span class="superscript">+0.413</span><span class="subscript">-0.005</span> </div>",,,,,,,,,,,,,,,,,,,,,,,,,,,,,,,,,,,,,,,,,,5970.00,107.00,-131.00,0,"<div><span class="supersubNumber">5970</span> <span class="superscript">+107</span><span class="subscript">-131</span> </div>",0.1000,0.1500,-0.1500,0,"0.1&plusmn;0.15",,,,,,,,,,,,,,,,4.317000,0.110000,-0.121000,0,"<div><span class="supersubNumber">4.317</span> <span class="superscript">+0.11</span><span class="subscript">-0.121</span> </div>",,,,0,,1.089000,0.089000,-0.080000,0,"<div><span class="supersubNumber">1.089</span> <span class="superscript">+0.089</span><span class="subscript">-0.08</span> </div>",1.049320,0.000760,-0.366880,0,"<div><span class="supersubNumber">1.04932</span> <span class="superscript">+0.00076</span><span class="subscript">-0.36688</span> </div>",1.200000,0.195000,-0.160000,0,"<div><span class="supersubNumber">1.2</span> <span class="superscript">+0.195</span><span class="subscript">-0.16</span> </div>",0,0,1,0,0,0,0,0,0,0,"Kepler Project Candidate (q1_q17_dr25_koi)",1,8,0,0,0,0,0,0,0,0,0,5.4320160,0.0289553,-0.0289553,"5.4320160&plusmn;0.0289553",-4.3791700,0.0295063,-0.0295063,"-4.3791700&plusmn;0.0295063",-3.2139800,0.0279036,-0.0279036,"-3.2139800&plusmn;0.0279036",1.1500700,0.0149210,-0.0149210,"1.150070&plusmn;0.014921",848.25400000,10.81850000,-10.81850000,"848.2540&plusmn;10.8185",14.6040000,0.0090000,-0.0090000,"14.604&plusmn;0.009",13.8830000,0.0690000,-0.0690000,"13.883&plusmn;0.069",12.7900000,0.0290000,-0.0290000,"12.790&plusmn;0.029",12.5310000,0.0330000,-0.0330000,"12.531&plusmn;0.033",12.4820000,0.0240000,-0.0240000
"KOI-351 e","e","KOI-351",,,"TIC 267667295","Gaia DR2 2132193431285570304","Gaia DR3 2132193431285570304",0,"<a refstr=Q1_Q17_DR25_SUPPLEMENTAL_KOI_TABLE href=https://exoplanetarchive.ipac.caltech.edu/docs/Kepler_KOI_docs.html target=ref>Q1-Q17 DR25 Supplemental KOI Table</a>","<a refstr=STASSUN_ET_AL__2019 href=https://ui.adsabs.harvard.edu/abs/2019AJ....158..138S/abstract target=ref>TICv8</a>","2014-01",2013,"Transit","Space","Kepler","Kepler CCD Array","0.95 m Kepler Telescope","<a refstr=CABRERA_ET_AL__2014 href=https://ui.adsabs.harvard.edu/abs/2014ApJ...781...18C/abstract target=ref> Cabrera et al. 2014 </a>",284.4334642,"18h57m44.03s",49.3051239,"+49d18m18.45s",79.26947,19.25567,300.32939,71.22769,91.94012530000,0.00054660000,-0.00054660000,0,"91.9401253&plusmn;0.0005466",,,,0,,,,,0,,,,,0,,,,,,,,,,0,,,,,0,,,,,,,,,,0,,,,,,,,,,0,,2454967.30000000,0.00473000,-0.00473000,0,"2454967.3&plusmn;0.00473",,,,0,,"12.482&plusmn;0.024",,,,,,,,,,,,,,,,,12.4380000,0.0230000,-0.0230000,"12.438&plusmn;0.023",12.4760000,0.0230000,-0.0230000,"12.476&plusmn;0.023",12.5130000,0.2770000,-0.2770000,"12.513&plusmn;0.277",9.5880000,,,"9.588",,,,,13.7397000,0.0002170,-0.0002170,"13.739700&plusmn;0.000217",13.3396000,0.0082000,-0.0082000,"13.3396&plusmn;0.0082",0,"BJD","[M/H]",,13.804,,,"13.804",,,,,,,,,,,0.16252225015565333,-0.63145104660463824,0.75819264962557520,-419849693,,,,,,,,,,,,,,0,,,,,0,,,,,,,,,,,,"2018-09-25","2018-08-16","<a refstr=STASSUN_ET_AL__2019 href=https://ui.adsabs.harvard.edu/abs/2019AJ....158..138S/abstract target=ref>TICv8</a>","2018-09-25",0,,,0,,,,,0,,,,,,,,,,,,,,,,,,,,,,,,,,,,,,,,,,,,,,,,,,,6031.13,34.68,-34.68,0,"6031.13&plusmn;34.68",0.0830,0.0330,-0.0330,0,"0.0830&plusmn;0.0330",,,,,,,,,,,0.26853,,,0,"0.2685314",4.295040,,,0,"4.29504",,,,,,1.120000,,,0,"1.12",0.812869,,,0,"0.8128692",1.247730,,,0,"1.24773",0,0,1,0,0,0,0,0,0,0,"Kepler Project Candidate (q1_q17_dr25_sup_koi)",1,8,0,0,0,0,0,0,0,0,0,5.4320160,0.0289553,-0.0289553,"5.4320160&plusmn;0.0289553",-4.3791700,0.0295063,-0.0295063,"-4.3791700&plusmn;0.0295063",-3.2139800,0.0279036,-0.0279036,"-3.2139800&plusmn;0.0279036",1.1500700,0.0149210,-0.0149210,"1.150070&plusmn;0.014921",848.25400000,10.81850000,-10.81850000,"848.2540&plusmn;10.8185",14.6040000,0.0090000,-0.0090000,"14.604&plusmn;0.009",13.8830000,0.0690000,-0.0690000,"13.883&plusmn;0.069",12.7900000,0.0290000,-0.0290000,"12.790&plusmn;0.029",12.5310000,0.0330000,-0.0330000,"12.531&plusmn;0.033",12.4820000,0.0240000,-0.0240000
"Kepler-90 i","i","KOI-351",,,"TIC 267667295","Gaia DR2 2132193431285570304","Gaia DR3 2132193431285570304",0,"<a refstr=WEISS_ET_AL__2024 href=https://ui.adsabs.harvard.edu/abs/2024ApJS..270....8W/abstract target=ref>Weiss et al. 2024</a>","<a refstr=STASSUN_ET_AL__2019 href=https://ui.adsabs.harvard.edu/abs/2019AJ....158..138S/abstract target=ref>TICv8</a>","2018-02",2017,"Transit","Space","Kepler","Kepler CCD Array","0.95 m Kepler Telescope","<a refstr=SHALLUE__AMP__VANDERBURG_2018 href=https://ui.adsabs.harvard.edu/abs/2018AJ....155...94S/abstract target=ref>Shallue &amp; Vanderburg 2018</a>",284.4334642,"18h57m44.03s",49.3051239,"+49d18m18.45s",79.26947,19.25567,300.32939,71.22769,14.44912000000,,,0,"14.44912",,,,,,0.1201380843,,,0,"0.1201380843",,,,,,,,,,,0.000000,,,0,"0",,,,,,,,,,,,,,,,,,,,,,,,,,,,,,,,,,,,"12.482&plusmn;0.024",,,,,,,,,,,,,,,,,12.4380000,0.0230000,-0.0230000,"12.438&plusmn;0.023",12.4760000,0.0230000,-0.0230000,"12.476&plusmn;0.023",12.5130000,0.2770000,-0.2770000,"12.513&plusmn;0.277",9.5880000,,,"9.588",,,,,13.7397000,0.0002170,-0.0002170,"13.739700&plusmn;0.000217",13.3396000,0.0082000,-0.0082000,"13.3396&plusmn;0.0082",0,,,,13.804,,,"13.804",,,,,,,,,,,0.16252225015565333,-0.63145104660463824,0.75819264962557520,-419849693,,,,,,0.11776272,0.01873498,-0.01873498,0,"0.118&plusmn;0.019",1.32000000,0.21000000,-0.21000000,0,"1.32&plusmn;0.21",,,,,,,,,,,,,,,,"2024-02-21","2024-01","<a refstr=WEISS_ET_AL__2024 href=https://ui.adsabs.harvard.edu/abs/2024ApJS..270....8W/abstract target=ref>Weiss et al. 2024</a>","2024-02-21",0,,,,,,,,,,,,,,,,,,,,,,,,,,,,,,,,,,,,,,,,,,,,,,,,,,,,,,,,,,,,,,,,,,,,,,,,,,,,,,,,,,,,,,1.108000,0.030500,-0.030500,0,"1.1080&plusmn;0.0305",,,,,,,,,,,0,0,1,0,0,0,0,0,0,0,"Published Confirmed",1,8,0,0,0,0,0,0,0,0,0,5.4320160,0.0289553,-0.0289553,"5.4320160&plusmn;0.0289553",-4.3791700,0.0295063,-0.0295063,"-4.3791700&plusmn;0.0295063",-3.2139800,0.0279036,-0.0279036,"-3.2139800&plusmn;0.0279036",1.1500700,0.0149210,-0.0149210,"1.150070&plusmn;0.014921",848.25400000,10.81850000,-10.81850000,"848.2540&plusmn;10.8185",14.6040000,0.0090000,-0.0090000,"14.604&plusmn;0.009",13.8830000,0.0690000,-0.0690000,"13.883&plusmn;0.069",12.7900000,0.0290000,-0.0290000,"12.790&plusmn;0.029",12.5310000,0.0330000,-0.0330000,"12.531&plusmn;0.033",12.4820000,0.0240000,-0.0240000
"KOI-351 c","c","KOI-351",,,"TIC 267667295","Gaia DR2 2132193431285570304","Gaia DR3 2132193431285570304",1,"<a refstr=CABRERA_ET_AL__2014 href=https://ui.adsabs.harvard.edu/abs/2014ApJ...781...18C/abstract target=ref> Cabrera et al. 2014 </a>","<a refstr=STASSUN_ET_AL__2019 href=https://ui.adsabs.harvard.edu/abs/2019AJ....158..138S/abstract target=ref>TICv8</a>","2014-01",2013,"Transit","Space","Kepler","Kepler CCD Array","0.95 m Kepler Telescope","<a refstr=CABRERA_ET_AL__2014 href=https://ui.adsabs.harvard.edu/abs/2014ApJ...781...18C/abstract target=ref> Cabrera et al. 2014 </a>",284.4334642,"18h57m44.03s",49.3051239,"+49d18m18.45s",79.26947,19.25567,300.32939,71.22769,8.71937500000,0.00002700000,-0.00002700000,0,"8.719375&plusmn;0.000027",,,,,,0.0890000000,0.0120000000,-0.0120000000,0,"0.089&plusmn;0.012",89.68000,0.74000,-0.74000,0,"89.68&plusmn;0.74",,,,,,,,,,,,,,,,,,,,,,,,,,,,,,,,,,,,2454972.56870000,0.00230000,-0.00230000,0,"2454972.5687&plusmn;0.0023",4.4100000,0.1800000,-0.1800000,0,"4.41&plusmn;0.18","12.482&plusmn;0.024",,,,,,,,,,,,,,,,,12.4380000,0.0230000,-0.0230000,"12.438&plusmn;0.023",12.4760000,0.0230000,-0.0230000,"12.476&plusmn;0.023",12.5130000,0.2770000,-0.2770000,"12.513&plusmn;0.277",9.5880000,,,"9.588",,,,,13.7397000,0.0002170,-0.0002170,"13.739700&plusmn;0.000217",13.3396000,0.0082000,-0.0082000,"13.3396&plusmn;0.0082",0,"HJD","[M/H]",,13.804,,,"13.804",,,,,,,,,,,0.16252225015565333,-0.63145104660463824,0.75819264962557520,-419849693,,,,,,0.10600000,0.01200000,-0.01200000,0,"0.106&plusmn;0.012",1.19000000,0.14000000,-0.14000000,0,"1.19&plusmn;0.14",0.00910000,0.00030000,-0.00030000,0,"0.0091&plusmn;0.0003",16.000000,,,,,,,,,,"2014-05-14","2014-01","<a refstr=CABRERA_ET_AL__2014 href=https://ui.adsabs.harvard.edu/abs/2014ApJ...781...18C/abstract target=ref> Cabrera et al. 2014 </a>","2014-05-14",0,0.800000,-0.800000,0,"16.0&plusmn;0.8",0.090000,0.200000,-0.200000,0,"0.09&plusmn;0.20",,,,,,,,,,,,,,,,,,,,,,,,,,,,,,,,,,,,,,,,,,6080.00,260.00,-170.00,0,"<div><span class="supersubNumber">6080</span> <span class="superscript">+260</span><span class="subscript">-170</span> </div>",-0.1200,0.1800,-0.1800,0,"-0.12&plusmn;0.18",,,,,,4.6000,2.1000,-2.1000,0,"4.6&plusmn;2.1",,,,,,4.400000,,,0,"4.4",,,,,,1.200000,0.100000,-0.100000,0,"1.2&plusmn;0.1",,,,,,1.200000,0.100000,-0.100000,0,"1.2&plusmn;0.1",0,0,1,0,0,0,0,0,0,0,"Published Confirmed",1,8,0,0,0,0,0,0,0,0,0,5.4320160,0.0289553,-0.0289553,"5.4320160&plusmn;0.0289553",-4.3791700,0.0295063,-0.0295063,"-4.3791700&plusmn;0.0295063",-3.2139800,0.0279036,-0.0279036,"-3.2139800&plusmn;0.0279036",1.1500700,0.0149210,-0.0149210,"1.150070&plusmn;0.014921",848.25400000,10.81850000,-10.81850000,"848.2540&plusmn;10.8185",14.6040000,0.0090000,-0.0090000,"14.604&plusmn;0.009",13.8830000,0.0690000,-0.0690000,"13.883&plusmn;0.069",12.7900000,0.0290000,-0.0290000,"12.790&plusmn;0.029",12.5310000,0.0330000,-0.0330000,"12.531&plusmn;0.033",12.4820000,0.0240000,-0.0240000
"KOI-351 b","b","KOI-351",,,"TIC 267667295","Gaia DR2 2132193431285570304","Gaia DR3 2132193431285570304",0,"<a refstr=GAJDO_SCARON__ET_AL__2019 href=https://ui.adsabs.harvard.edu/abs/2019RAA....19...41G/abstract target=ref>Gajdo&scaron; et al. 2019</a>","<a refstr=STASSUN_ET_AL__2019 href=https://ui.adsabs.harvard.edu/abs/2019AJ....158..138S/abstract target=ref>TICv8</a>","2014-01",2013,"Transit","Space","Kepler","Kepler CCD Array","0.95 m Kepler Telescope","<a refstr=CABRERA_ET_AL__2014 href=https://ui.adsabs.harvard.edu/abs/2014ApJ...781...18C/abstract target=ref> Cabrera et al. 2014 </a>",284.4334642,"18h57m44.03s",49.3051239,"+49d18m18.45s",79.26947,19.25567,300.32939,71.22769,7.00823498380,0.00005849300,-0.00005849300,0,"7.0082349838&plusmn;0.0000584930",,,,,,,,,,,,,,,,,,,,,,,,,,,,,,,,,,,,,,,,,,,,,,,,,,,2454970.67383000,0.00541644,-0.00541644,0,"2454970.67383000&plusmn;0.00541644",,,,,,"12.482&plusmn;0.024",,,,,,,,,,,,,,,,,12.4380000,0.0230000,-0.0230000,"12.438&plusmn;0.023",12.4760000,0.0230000,-0.0230000,"12.476&plusmn;0.023",12.5130000,0.2770000,-0.2770000,"12.513&plusmn;0.277",9.5880000,,,"9.588",,,,,13.7397000,0.0002170,-0.0002170,"13.739700&plusmn;0.000217",13.3396000,0.0082000,-0.0082000,"13.3396&plusmn;0.0082",0,"BJD","[M/H]",,13.804,,,"13.804",,,,,,,,,,,0.16252225015565333,-0.63145104660463824,0.75819264962557520,-419849693,,,,,,,,,,,,,,,,,,,,,,,,,,,,,,,"2019-04-16","2019-03","<a refstr=STASSUN_ET_AL__2019 href=https://ui.adsabs.harvard.edu/abs/2019AJ....158..138S/abstract target=ref>TICv8</a>","2019-04-18",0,,,,,,,,,,,,,,,,,,,,,,,,,,,,,,,,,,,,,,,,,,,,,,,,,,,6031.13,34.68,-34.68,0,"6031.13&plusmn;34.68",0.0830,0.0330,-0.0330,0,"0.0830&plusmn;0.0330",,,,,,,,,,,0.26853,,,0,"0.2685314",4.295040,,,0,"4.29504",,,,,,1.120000,,,0,"1.12",0.812869,,,0,"0.8128692",1.247730,,,0,"1.24773",0,0,1,0,0,0,0,0,0,0,"Published Confirmed",1,8,0,0,0,0,0,0,0,0,0,5.4320160,0.0289553,-0.0289553,"5.4320160&plusmn;0.0289553",-4.3791700,0.0295063,-0.0295063,"-4.3791700&plusmn;0.0295063",-3.2139800,0.0279036,-0.0279036,"-3.2139800&plusmn;0.0279036",1.1500700,0.0149210,-0.0149210,"1.150070&plusmn;0.014921",848.25400000,10.81850000,-10.81850000,"848.2540&plusmn;10.8185",14.6040000,0.0090000,-0.0090000,"14.604&plusmn;0.009",13.8830000,0.0690000,-0.0690000,"13.883&plusmn;0.069",12.7900000,0.0290000,-0.0290000,"12.790&plusmn;0.029",12.5310000,0.0330000,-0.0330000,"12.531&plusmn;0.033",12.4820000,0.0240000,-0.0240000
"KOI-351 c","c","KOI-351",,,"TIC 267667295","Gaia DR2 2132193431285570304","Gaia DR3 2132193431285570304",0,"<a refstr=GAJDO_SCARON__ET_AL__2019 href=https://ui.adsabs.harvard.edu/abs/2019RAA....19...41G/abstract target=ref>Gajdo&scaron; et al. 2019</a>","<a refstr=STASSUN_ET_AL__2019 href=https://ui.adsabs.harvard.edu/abs/2019AJ....158..138S/abstract target=ref>TICv8</a>","2014-01",2013,"Transit","Space","Kepler","Kepler CCD Array","0.95 m Kepler Telescope","<a refstr=CABRERA_ET_AL__2014 href=https://ui.adsabs.harvard.edu/abs/2014ApJ...781...18C/abstract target=ref> Cabrera et al. 2014 </a>",284.4334642,"18h57m44.03s",49.3051239,"+49d18m18.45s",79.26947,19.25567,300.32939,71.22769,8.71975915100,0.00007969160,-0.00007969160,0,"8.7197591510&plusmn;0.0000796916",,,,,,,,,,,,,,,,,,,,,,,,,,,,,,,,,,,,,,,,,,,,,,,,,,,2454972.52581000,0.00535855,-0.00535855,0,"2454972.52581000&plusmn;0.00535855",,,,,,"12.482&plusmn;0.024",,,,,,,,,,,,,,,,,12.4380000,0.0230000,-0.0230000,"12.438&plusmn;0.023",12.4760000,0.0230000,-0.0230000,"12.476&plusmn;0.023",12.5130000,0.2770000,-0.2770000,"12.513&plusmn;0.277",9.5880000,,,"9.588",,,,,13.7397000,0.0002170,-0.0002170,"13.739700&plusmn;0.000217",13.3396000,0.0082000,-0.0082000,"13.3396&plusmn;0.0082",0,"BJD","[M/H]",,13.804,,,"13.804",,,,,,,,,,,0.16252225015565333,-0.63145104660463824,0.75819264962557520,-419849693,,,,,,,,,,,,,,,,,,,,,,,,,,,,,,,"2019-04-16","2019-03","<a refstr=STASSUN_ET_AL__2019 href=https://ui.adsabs.harvard.edu/abs/2019AJ....158..138S/abstract target=ref>TICv8</a>","2019-04-18",0,,,,,,,,,,,,,,,,,,,,,,,,,,,,,,,,,,,,,,,,,,,,,,,,,,,6031.13,34.68,-34.68,0,"6031.13&plusmn;34.68",0.0830,0.0330,-0.0330,0,"0.0830&plusmn;0.0330",,,,,,,,,,,0.26853,,,0,"0.2685314",4.295040,,,0,"4.29504",,,,,,1.120000,,,0,"1.12",0.812869,,,0,"0.8128692",1.247730,,,0,"1.24773",0,0,1,0,0,0,0,0,0,0,"Published Confirmed",1,8,0,0,0,0,0,0,0,0,0,5.4320160,0.0289553,-0.0289553,"5.4320160&plusmn;0.0289553",-4.3791700,0.0295063,-0.0295063,"-4.3791700&plusmn;0.0295063",-3.2139800,0.0279036,-0.0279036,"-3.2139800&plusmn;0.0279036",1.1500700,0.0149210,-0.0149210,"1.150070&plusmn;0.014921",848.25400000,10.81850000,-10.81850000,"848.2540&plusmn;10.8185",14.6040000,0.0090000,-0.0090000,"14.604&plusmn;0.009",13.8830000,0.0690000,-0.0690000,"13.883&plusmn;0.069",12.7900000,0.0290000,-0.0290000,"12.790&plusmn;0.029",12.5310000,0.0330000,-0.0330000,"12.531&plusmn;0.033",12.4820000,0.0240000,-0.0240000
"KOI-351 h","h","KOI-351",,,"TIC 267667295","Gaia DR2 2132193431285570304","Gaia DR3 2132193431285570304",0,"<a refstr=MORTON_ET_AL__2016 href=https://ui.adsabs.harvard.edu/abs/2016ApJ...822...86M/abstract target=ref>Morton et al. 2016</a>","<a refstr=STASSUN_ET_AL__2019 href=https://ui.adsabs.harvard.edu/abs/2019AJ....158..138S/abstract target=ref>TICv8</a>","2014-01",2013,"Transit","Space","Kepler","Kepler CCD Array","0.95 m Kepler Telescope","<a refstr=CABRERA_ET_AL__2014 href=https://ui.adsabs.harvard.edu/abs/2014ApJ...781...18C/abstract target=ref> Cabrera et al. 2014 </a>",284.4334642,"18h57m44.03s",49.3051239,"+49d18m18.45s",79.26947,19.25567,300.32939,71.22769,331.60110810000,0.00071160000,-0.00071160000,0,"331.6011081&plusmn;0.0007116",,,,,,,,,,,,,,,,,,,,,,,,,,,,,,,,,,,,,,,,,,,,,,,,,,,2454973.49087000,0.00243000,-0.00243000,0,"2454973.49087&plusmn;0.00243",14.7070000,0.1300000,-0.1300000,0,"14.707&plusmn;0.13","12.482&plusmn;0.024",,,,,,,,,,,,,,,,,12.4380000,0.0230000,-0.0230000,"12.438&plusmn;0.023",12.4760000,0.0230000,-0.0230000,"12.476&plusmn;0.023",12.5130000,0.2770000,-0.2770000,"12.513&plusmn;0.277",9.5880000,,,"9.588",,,,,13.7397000,0.0002170,-0.0002170,"13.739700&plusmn;0.000217",13.3396000,0.0082000,-0.0082000,"13.3396&plusmn;0.0082",0,"JD","[M/H]",,13.804,,,"13.804",,,,,,,,,,,0.16252225015565333,-0.63145104660463824,0.75819264962557520,-419849693,,,,,,1.02060844,0.12400749,-0.08386118,0,"<div><span class="supersubNumber">1.021</span><span class="superscript">+0.124</span><span class="subscript">-0.084</span></div>",11.44000000,1.39000000,-0.94000000,0,"<div><span class="supersubNumber">11.44</span><span class="superscript">+1.39</span><span class="subscript">-0.94</span></div>",0.08693200,0.00036200,-0.00112300,0,"<div><span class="supersubNumber">0.086932</span> <span class="superscript">+0.000362</span><span class="subscript">-0.001123</span> </div>",,,,,,,,,,,"2016-05-06","2016-05","<a refstr=STASSUN_ET_AL__2019 href=https://ui.adsabs.harvard.edu/abs/2019AJ....158..138S/abstract target=ref>TICv8</a>","2016-05-10",0,,,,,,,,,,,,,,,,,,,,,,,,,,,,,,,,,,,,,,,,,,,,,,,,,,,6031.13,34.68,-34.68,0,"6031.13&plusmn;34.68",0.0830,0.0330,-0.0330,0,"0.0830&plusmn;0.0330",,,,,,,,,,,0.26853,,,0,"0.2685314",4.295040,,,0,"4.29504",,,,,,1.120000,,,0,"1.12",0.812869,,,0,"0.8128692",1.247730,,,0,"1.24773",1,0,1,1,0,0,0,0,0,0,"Published Confirmed",1,8,0,0,0,0,0,0,0,0,1,5.4320160,0.0289553,-0.0289553,"5.4320160&plusmn;0.0289553",-4.3791700,0.0295063,-0.0295063,"-4.3791700&plusmn;0.0295063",-3.2139800,0.0279036,-0.0279036,"-3.2139800&plusmn;0.0279036",1.1500700,0.0149210,-0.0149210,"1.150070&plusmn;0.014921",848.25400000,10.81850000,-10.81850000,"848.2540&plusmn;10.8185",14.6040000,0.0090000,-0.0090000,"14.604&plusmn;0.009",13.8830000,0.0690000,-0.0690000,"13.883&plusmn;0.069",12.7900000,0.0290000,-0.0290000,"12.790&plusmn;0.029",12.5310000,0.0330000,-0.0330000,"12.531&plusmn;0.033",12.4820000,0.0240000,-0.0240000
"KOI-351 d","d","KOI-351",,,"TIC 267667295","Gaia DR2 2132193431285570304","Gaia DR3 2132193431285570304",0,"<a refstr=HOLCZER_ET_AL__2016 href=https://ui.adsabs.harvard.edu/abs/2016ApJS..225....9H/abstract target=ref>Holczer et al. 2016</a>","<a refstr=STASSUN_ET_AL__2019 href=https://ui.adsabs.harvard.edu/abs/2019AJ....158..138S/abstract target=ref>TICv8</a>","2014-01",2013,"Transit","Space","Kepler","Kepler CCD Array","0.95 m Kepler Telescope","<a refstr=CABRERA_ET_AL__2014 href=https://ui.adsabs.harvard.edu/abs/2014ApJ...781...18C/abstract target=ref> Cabrera et al. 2014 </a>",284.4334642,"18h57m44.03s",49.3051239,"+49d18m18.45s",79.26947,19.25567,300.32939,71.22769,59.73721246000,0.00000708000,-0.00000708000,0,"59.73721246&plusmn;0.00000708",,,,,,,,,,,,,,,,,,,,,,,,,,,,,,,,,,,,,,,,,,,,,,0.05870000,,,0,"0.0587",2454991.96010800,0.00510200,-0.00510200,0,"2454991.960108&plusmn;0.005102",8.0896000,,,0,"8.0896","12.482&plusmn;0.024",,,,,,,,,,,,,,,,,12.4380000,0.0230000,-0.0230000,"12.438&plusmn;0.023",12.4760000,0.0230000,-0.0230000,"12.476&plusmn;0.023",12.5130000,0.2770000,-0.2770000,"12.513&plusmn;0.277",9.5880000,,,"9.588",,,,,13.7397000,0.0002170,-0.0002170,"13.739700&plusmn;0.000217",13.3396000,0.0082000,-0.0082000,"13.3396&plusmn;0.0082",0,"BJD","[M/H]",,13.804,,,"13.804",,,,,,,,,,,0.16252225015565333,-0.63145104660463824,0.75819264962557520,-419849693,,,,,,,,,,,,,,,,,,,,,,,,,,,,,,,"2016-07-26","2016-07","<a refstr=STASSUN_ET_AL__2019 href=https://ui.adsabs.harvard.edu/abs/2019AJ....158..138S/abstract target=ref>TICv8</a>","2016-07-28",0,,,,,,,,,,,,,,,,,,,,,,,,,,,,,,,,,,,,,,,,,,,,,,,,,,,6031.13,34.68,-34.68,0,"6031.13&plusmn;34.68",0.0830,0.0330,-0.0330,0,"0.0830&plusmn;0.0330",,,,,,,,,,,0.26853,,,0,"0.2685314",4.295040,,,0,"4.29504",,,,,,1.120000,,,0,"1.12",0.812869,,,0,"0.8128692",1.247730,,,0,"1.24773",0,0,1,0,0,0,0,0,0,0,"Published Confirmed",1,8,0,0,0,0,0,0,0,0,0,5.4320160,0.0289553,-0.0289553,"5.4320160&plusmn;0.0289553",-4.3791700,0.0295063,-0.0295063,"-4.3791700&plusmn;0.0295063",-3.2139800,0.0279036,-0.0279036,"-3.2139800&plusmn;0.0279036",1.1500700,0.0149210,-0.0149210,"1.150070&plusmn;0.014921",848.25400000,10.81850000,-10.81850000,"848.2540&plusmn;10.8185",14.6040000,0.0090000,-0.0090000,"14.604&plusmn;0.009",13.8830000,0.0690000,-0.0690000,"13.883&plusmn;0.069",12.7900000,0.0290000,-0.0290000,"12.790&plusmn;0.029",12.5310000,0.0330000,-0.0330000,"12.531&plusmn;0.033",12.4820000,0.0240000,-0.0240000
"KOI-351 g","g","KOI-351",,,"TIC 267667295","Gaia DR2 2132193431285570304","Gaia DR3 2132193431285570304",0,"<a refstr=CABRERA_ET_AL__2014 href=https://ui.adsabs.harvard.edu/abs/2014ApJ...781...18C/abstract target=ref> Cabrera et al. 2014 </a>","<a refstr=STASSUN_ET_AL__2019 href=https://ui.adsabs.harvard.edu/abs/2019AJ....158..138S/abstract target=ref>TICv8</a>","2014-01",2013,"Transit","Space","Kepler","Kepler CCD Array","0.95 m Kepler Telescope","<a refstr=CABRERA_ET_AL__2014 href=https://ui.adsabs.harvard.edu/abs/2014ApJ...781...18C/abstract target=ref> Cabrera et al. 2014 </a>",284.4334642,"18h57m44.03s",49.3051239,"+49d18m18.45s",79.26947,19.25567,300.32939,71.22769,210.60697000000,0.00043000000,-0.00043000000,0,"210.60697&plusmn;0.00043",,,,,,0.7100000000,0.0800000000,-0.0800000000,0,"0.71&plusmn;0.08",89.80000,0.06000,-0.06000,0,"89.80&plusmn;0.06",,,,,,,,,,,,,,,,,,,,,,,,,,,,,,,,,,,,2454980.03640000,0.00140000,-0.00140000,0,"2454980.0364&plusmn;0.0014",12.5930000,0.0450000,-0.0450000,0,"12.593&plusmn;0.045","12.482&plusmn;0.024",,,,,,,,,,,,,,,,,12.4380000,0.0230000,-0.0230000,"12.438&plusmn;0.023",12.4760000,0.0230000,-0.0230000,"12.476&plusmn;0.023",12.5130000,0.2770000,-0.2770000,"12.513&plusmn;0.277",9.5880000,,,"9.588",,,,,13.7397000,0.0002170,-0.0002170,"13.739700&plusmn;0.000217",13.3396000,0.0082000,-0.0082000,"13.3396&plusmn;0.0082",0,"HJD","[M/H]",,13.804,,,"13.804",,,,,,,,,,,0.16252225015565333,-0.63145104660463824,0.75819264962557520,-419849693,,,,,,0.72300000,0.07100000,-0.07100000,0,"0.723&plusmn;0.071",8.10000000,0.80000000,-0.80000000,0,"8.1&plusmn;0.8",0.06150000,0.00110000,-0.00110000,0,"0.0615&plusmn;0.0011",127.300000,,,,,,,,,,"2014-05-14","2014-01","<a refstr=CABRERA_ET_AL__2014 href=https://ui.adsabs.harvard.edu/abs/2014ApJ...781...18C/abstract target=ref> Cabrera et al. 2014 </a>","2014-05-14",0,4.100000,-4.100000,0,"127.3&plusmn;4.1",0.450000,0.100000,-0.100000,0,"0.45&plusmn;0.10",,,,,,,,,,,,,,,,,,,,,,,,,,,,,,,,,,,,,,,,,,6080.00,260.00,-170.00,0,"<div><span class="supersubNumber">6080</span> <span class="superscript">+260</span><span class="subscript">-170</span> </div>",-0.1200,0.1800,-0.1800,0,"-0.12&plusmn;0.18",,,,,,4.6000,2.1000,-2.1000,0,"4.6&plusmn;2.1",,,,,,4.400000,,,0,"4.4",,,,,,1.200000,0.100000,-0.100000,0,"1.2&plusmn;0.1",,,,,,1.200000,0.100000,-0.100000,0,"1.2&plusmn;0.1",1,0,1,0,0,0,0,0,0,0,"Published Confirmed",1,8,0,0,0,0,0,0,0,0,0,5.4320160,0.0289553,-0.0289553,"5.4320160&plusmn;0.0289553",-4.3791700,0.0295063,-0.0295063,"-4.3791700&plusmn;0.0295063",-3.2139800,0.0279036,-0.0279036,"-3.2139800&plusmn;0.0279036",1.1500700,0.0149210,-0.0149210,"1.150070&plusmn;0.014921",848.25400000,10.81850000,-10.81850000,"848.2540&plusmn;10.8185",14.6040000,0.0090000,-0.0090000,"14.604&plusmn;0.009",13.8830000,0.0690000,-0.0690000,"13.883&plusmn;0.069",12.7900000,0.0290000,-0.0290000,"12.790&plusmn;0.029",12.5310000,0.0330000,-0.0330000,"12.531&plusmn;0.033",12.4820000,0.0240000,-0.0240000
"KOI-351 f","f","KOI-351",,,"TIC 267667295","Gaia DR2 2132193431285570304","Gaia DR3 2132193431285570304",0,"<a refstr=Q1_Q17_DR25_SUPPLEMENTAL_KOI_TABLE href=https://exoplanetarchive.ipac.caltech.edu/docs/Kepler_KOI_docs.html target=ref>Q1-Q17 DR25 Supplemental KOI Table</a>","<a refstr=STASSUN_ET_AL__2019 href=https://ui.adsabs.harvard.edu/abs/2019AJ....158..138S/abstract target=ref>TICv8</a>","2014-01",2013,"Transit","Space","Kepler","Kepler CCD Array","0.95 m Kepler Telescope","<a refstr=CABRERA_ET_AL__2014 href=https://ui.adsabs.harvard.edu/abs/2014ApJ...781...18C/abstract target=ref> Cabrera et al. 2014 </a>",284.4334642,"18h57m44.03s",49.3051239,"+49d18m18.45s",79.26947,19.25567,300.32939,71.22769,124.92251600000,0.00281600000,-0.00281600000,0,"124.922516&plusmn;0.002816",,,,0,,,,,0,,,,,0,,,,,,,,,,0,,,,,0,,,,,,,,,,0,,,,,,,,,,0,,2454962.72950000,0.02160000,-0.02160000,0,"2454962.729&plusmn;0.0216",,,,0,,"12.482&plusmn;0.024",,,,,,,,,,,,,,,,,12.4380000,0.0230000,-0.0230000,"12.438&plusmn;0.023",12.4760000,0.0230000,-0.0230000,"12.476&plusmn;0.023",12.5130000,0.2770000,-0.2770000,"12.513&plusmn;0.277",9.5880000,,,"9.588",,,,,13.7397000,0.0002170,-0.0002170,"13.739700&plusmn;0.000217",13.3396000,0.0082000,-0.0082000,"13.3396&plusmn;0.0082",0,"BJD","[M/H]",,13.804,,,"13.804",,,,,,,,,,,0.16252225015565333,-0.63145104660463824,0.75819264962557520,-419849693,,,,,,,,,,,,,,0,,,,,0,,,,,,,,,,,,"2018-09-25","2018-08-16","<a refstr=STASSUN_ET_AL__2019 href=https://ui.adsabs.harvard.edu/abs/2019AJ....158..138S/abstract target=ref>TICv8</a>","2018-09-25",0,,,0,,,,,0,,,,,,,,,,,,,,,,,,,,,,,,,,,,,,,,,,,,,,,,,,,6031.13,34.68,-34.68,0,"6031.13&plusmn;34.68",0.0830,0.0330,-0.0330,0,"0.0830&plusmn;0.0330",,,,,,,,,,,0.26853,,,0,"0.2685314",4.295040,,,0,"4.29504",,,,,,1.120000,,,0,"1.12",0.812869,,,0,"0.8128692",1.247730,,,0,"1.24773",0,0,1,0,0,0,0,0,0,0,"Kepler Project Candidate (q1_q17_dr25_sup_koi)",1,8,0,0,0,0,0,0,0,0,0,5.4320160,0.0289553,-0.0289553,"5.4320160&plusmn;0.0289553",-4.3791700,0.0295063,-0.0295063,"-4.3791700&plusmn;0.0295063",-3.2139800,0.0279036,-0.0279036,"-3.2139800&plusmn;0.0279036",1.1500700,0.0149210,-0.0149210,"1.150070&plusmn;0.014921",848.25400000,10.81850000,-10.81850000,"848.2540&plusmn;10.8185",14.6040000,0.0090000,-0.0090000,"14.604&plusmn;0.009",13.8830000,0.0690000,-0.0690000,"13.883&plusmn;0.069",12.7900000,0.0290000,-0.0290000,"12.790&plusmn;0.029",12.5310000,0.0330000,-0.0330000,"12.531&plusmn;0.033",12.4820000,0.0240000,-0.0240000
"KOI-351 f","f","KOI-351",,,"TIC 267667295","Gaia DR2 2132193431285570304","Gaia DR3 2132193431285570304",0,"<a refstr=Q1_Q16_KOI_TABLE href=https://exoplanetarchive.ipac.caltech.edu/docs/Kepler_KOI_docs.html target=ref>Q1-Q16 KOI Table</a>","<a refstr=STASSUN_ET_AL__2019 href=https://ui.adsabs.harvard.edu/abs/2019AJ....158..138S/abstract target=ref>TICv8</a>","2014-01",2013,"Transit","Space","Kepler","Kepler CCD Array","0.95 m Kepler Telescope","<a refstr=CABRERA_ET_AL__2014 href=https://ui.adsabs.harvard.edu/abs/2014ApJ...781...18C/abstract target=ref> Cabrera et al. 2014 </a>",284.4334642,"18h57m44.03s",49.3051239,"+49d18m18.45s",79.26947,19.25567,300.32939,71.22769,124.91633700000,0.00144300000,-0.00144300000,0,"124.916337&plusmn;0.001443",,,,0,,0.4840000000,,,0,".484",89.95000,,,0,"89.95",,,,,,0.000000,,,0,"0",406.00,,,0,"406",,,,,,6.4300,7.5600,-2.2700,0,"<div><span class="supersubNumber">6.43</span> <span class="superscript">+7.56</span><span class="subscript">-2.27</span> </div>",,,,,,0.05194000,0.00368000,-0.00368000,0,"0.05194&plusmn0.00368",2454962.75680000,0.01030000,-0.01030000,0,"2454962.757&plusmn;0.0103",10.1320000,0.5520000,-0.5520000,0,"10.132&plusmn;0.552","12.482&plusmn;0.024",,,,,,,,,,,,,,,,,12.4380000,0.0230000,-0.0230000,"12.438&plusmn;0.023",12.4760000,0.0230000,-0.0230000,"12.476&plusmn;0.023",12.5130000,0.2770000,-0.2770000,"12.513&plusmn;0.277",9.5880000,,,"9.588",,,,,13.7397000,0.0002170,-0.0002170,"13.739700&plusmn;0.000217",13.3396000,0.0082000,-0.0082000,"13.3396&plusmn;0.0082",0,"BJD","[Fe/H]",,13.804,,,"13.804",,,,,,,,,,,0.16252225015565333,-0.63145104660463824,0.75819264962557520,-419849693,,,,,,0.21946688,0.08564561,-0.02944068,0,"<div><span class="supersubNumber">0.219</span><span class="superscript">+0.086</span><span class="subscript">-0.029</span></div>",2.46000000,0.96000000,-0.33000000,0,"<div><span class="supersubNumber">2.46</span> <span class="superscript">+0.96</span><span class="subscript">-0.33</span> </div>",0.02139100,0.00063400,-0.00089700,0,"<div><span class="supersubNumber">0.021391</span> <span class="superscript">+0.000634</span><span class="subscript">-0.000897</span> </div>",85.800000,,,,,,,,,,"2014-11-21","2014-12-18","<a refstr=Q1_Q16_KOI_TABLE href=https://exoplanetarchive.ipac.caltech.edu/docs/Kepler_KOI_docs.html target=ref>Q1-Q16 KOI Table</a>","2014-11-21",0,42.600000,-42.600000,0,"85.8&plusmn;42.6",0.461700,0.008300,-0.461600,0,"<div><span class="supersubNumber">0.4617</span> <span class="superscript">+0.0083</span><span class="subscript">-0.4616</span> </div>",,,,,,,,,,,,,,,,,,,,,,,,,,,,,,,,,,,,,,,,,,6238.00,195.00,-227.00,0,"<div><span class="supersubNumber">6238</span> <span class="superscript">+195</span><span class="subscript">-227</span> </div>",-0.4000,0.2800,-0.3000,0,"<div><span class="supersubNumber">-0.400</span> <span class="superscript">+0.280</span><span class="subscript">-0.300</span> </div>",,,,,,,,,,,,,,,,4.378000,0.099000,-0.264000,0,"<div><span class="supersubNumber">4.378</span> <span class="superscript">+0.099</span><span class="subscript">-0.264</span> </div>",,,,0,,0.967000,0.144000,-0.112000,0,"<div><span class="supersubNumber">0.967</span> <span class="superscript">+0.144</span><span class="subscript">-0.112</span> </div>",0.766230,0.380680,-0.135120,0,"<div><span class="supersubNumber">0.76623</span> <span class="superscript">+0.38068</span><span class="subscript">-0.13512</span> </div>",1.054000,0.408000,-0.141000,0,"<div><span class="supersubNumber">1.054</span> <span class="superscript">+0.408</span><span class="subscript">-0.141</span> </div>",0,0,1,0,0,0,0,0,0,0,"Kepler Project Candidate (q1_q16_koi)",1,8,0,0,0,0,0,0,0,0,0,5.4320160,0.0289553,-0.0289553,"5.4320160&plusmn;0.0289553",-4.3791700,0.0295063,-0.0295063,"-4.3791700&plusmn;0.0295063",-3.2139800,0.0279036,-0.0279036,"-3.2139800&plusmn;0.0279036",1.1500700,0.0149210,-0.0149210,"1.150070&plusmn;0.014921",848.25400000,10.81850000,-10.81850000,"848.2540&plusmn;10.8185",14.6040000,0.0090000,-0.0090000,"14.604&plusmn;0.009",13.8830000,0.0690000,-0.0690000,"13.883&plusmn;0.069",12.7900000,0.0290000,-0.0290000,"12.790&plusmn;0.029",12.5310000,0.0330000,-0.0330000,"12.531&plusmn;0.033",12.4820000,0.0240000,-0.0240000
"KOI-351 b","b","KOI-351",,,"TIC 267667295","Gaia DR2 2132193431285570304","Gaia DR3 2132193431285570304",0,"<a refstr=BERGER_ET_AL__2018 href=https://ui.adsabs.harvard.edu/abs/2018ApJ...866...99B/abstract target=ref>Berger et al. 2018</a>","<a refstr=STASSUN_ET_AL__2019 href=https://ui.adsabs.harvard.edu/abs/2019AJ....158..138S/abstract target=ref>TICv8</a>","2014-01",2013,"Transit","Space","Kepler","Kepler CCD Array","0.95 m Kepler Telescope","<a refstr=CABRERA_ET_AL__2014 href=https://ui.adsabs.harvard.edu/abs/2014ApJ...781...18C/abstract target=ref> Cabrera et al. 2014 </a>",284.4334642,"18h57m44.03s",49.3051239,"+49d18m18.45s",79.26947,19.25567,300.32939,71.22769,,,,,,,,,,,,,,,,,,,,,,,,,,,,,,,,,,,,,,,,,316.4420,10.7900,-10.4100,0,"<div><span class="supersubNumber">316.442</span><span class="superscript">+10.790</span><span class="subscript">-10.410</span></div>",,,,,,,,,,,,,,,,,,,,,"12.482&plusmn;0.024",,,,,,,,,,,,,,,,,12.4380000,0.0230000,-0.0230000,"12.438&plusmn;0.023",12.4760000,0.0230000,-0.0230000,"12.476&plusmn;0.023",12.5130000,0.2770000,-0.2770000,"12.513&plusmn;0.277",9.5880000,,,"9.588",,,,,13.7397000,0.0002170,-0.0002170,"13.739700&plusmn;0.000217",13.3396000,0.0082000,-0.0082000,"13.3396&plusmn;0.0082",0,,,,13.804,,,"13.804",,,,,,,,,,,0.16252225015565333,-0.63145104660463824,0.75819264962557520,-419849693,,,,,,0.11615666,0.00749398,-0.00624498,0,"<div><span class="supersubNumber">0.1162</span><span class="superscript">+0.0075</span><span class="subscript">-0.0062</span></div>",1.30200000,0.08400000,-0.07000000,0,"<div><span class="supersubNumber">1.302</span><span class="superscript">+0.084</span><span class="subscript">-0.070</span></div>",,,,,,,,,,,,,,,,"2018-09-04","2018-10","<a refstr=BERGER_ET_AL__2018 href=https://ui.adsabs.harvard.edu/abs/2018ApJ...866...99B/abstract target=ref>Berger et al. 2018</a>","2018-09-06",0,,,,,,,,,,,,,,,,,,,,,,,,,,,,,,,,,,,,,,,,,,,,,,,,,,,6015.00,120.00,-120.00,0,"6015&plusmn;120",,,,,,,,,,,,,,,,,,,,,,,,,,,,,,,,,,,,,,,,,1.211000,0.054000,-0.051000,0,"<div><span class="supersubNumber">1.211</span><span class="superscript">+0.054</span><span class="subscript">-0.051</span></div>",0,0,1,0,0,0,0,0,0,0,"Published Confirmed",1,8,0,0,0,0,0,0,0,0,0,5.4320160,0.0289553,-0.0289553,"5.4320160&plusmn;0.0289553",-4.3791700,0.0295063,-0.0295063,"-4.3791700&plusmn;0.0295063",-3.2139800,0.0279036,-0.0279036,"-3.2139800&plusmn;0.0279036",1.1500700,0.0149210,-0.0149210,"1.150070&plusmn;0.014921",848.25400000,10.81850000,-10.81850000,"848.2540&plusmn;10.8185",14.6040000,0.0090000,-0.0090000,"14.604&plusmn;0.009",13.8830000,0.0690000,-0.0690000,"13.883&plusmn;0.069",12.7900000,0.0290000,-0.0290000,"12.790&plusmn;0.029",12.5310000,0.0330000,-0.0330000,"12.531&plusmn;0.033",12.4820000,0.0240000,-0.0240000
"KOI-351 g","g","KOI-351",,,"TIC 267667295","Gaia DR2 2132193431285570304","Gaia DR3 2132193431285570304",0,"<a refstr=LIANG_ET_AL__2021 href=https://ui.adsabs.harvard.edu/abs/2021AJ....161..202L/abstract target=ref>Liang et al. 2021</a>","<a refstr=STASSUN_ET_AL__2019 href=https://ui.adsabs.harvard.edu/abs/2019AJ....158..138S/abstract target=ref>TICv8</a>","2014-01",2013,"Transit","Space","Kepler","Kepler CCD Array","0.95 m Kepler Telescope","<a refstr=CABRERA_ET_AL__2014 href=https://ui.adsabs.harvard.edu/abs/2014ApJ...781...18C/abstract target=ref> Cabrera et al. 2014 </a>",284.4334642,"18h57m44.03s",49.3051239,"+49d18m18.45s",79.26947,19.25567,300.32939,71.22769,210.48000000000,0.05000000000,-0.05000000000,0,"210.48&plusmn;0.05",,,,,,,,,,,89.92000,0.03000,-0.01000,0,"<div><span class="supersubNumber">89.92</span><span class="superscript">+0.03</span><span class="subscript">-0.01</span></div>",,,,,,0.049000,0.011000,-0.007000,0,"<div><span class="supersubNumber">0.049</span><span class="superscript">+0.011</span><span class="subscript">-0.007</span></div>",,,,,,,,,,,,,,,,,,,,,,,,,,,,,,,,,,,,"12.482&plusmn;0.024",,,,,,,,,,,,,,,,,12.4380000,0.0230000,-0.0230000,"12.438&plusmn;0.023",12.4760000,0.0230000,-0.0230000,"12.476&plusmn;0.023",12.5130000,0.2770000,-0.2770000,"12.513&plusmn;0.277",9.5880000,,,"9.588",,,,,13.7397000,0.0002170,-0.0002170,"13.739700&plusmn;0.000217",13.3396000,0.0082000,-0.0082000,"13.3396&plusmn;0.0082",0,,"[M/H]",,13.804,,,"13.804",,,,,,,,,,,0.16252225015565333,-0.63145104660463824,0.75819264962557520,-419849693,,,,,,,,,,,,,,,,,,,,,,,,,,,,,,,"2025-05-19","2021-04","<a refstr=CABRERA_ET_AL__2014 href=https://ui.adsabs.harvard.edu/abs/2014ApJ...781...18C/abstract target=ref> Cabrera et al. 2014 </a>","2025-05-19",0,,,,,,,,,,,,,,,,,,,,0.04719528,0.00283172,-0.00251708,0,"<div><span class="supersubNumber">0.0472</span><span class="superscript">+0.0028</span><span class="subscript">-0.0025</span></div>",15.00000000,0.90000000,-0.80000000,0,"<div><span class="supersubNumber">15.0</span><span class="superscript">+0.9</span><span class="subscript">-0.8</span></div>",0.04719528,0.00283172,-0.00251708,0,"<div><span class="supersubNumber">0.0472</span><span class="superscript">+0.0028</span><span class="subscript">-0.0025</span></div>",15.00000000,0.90000000,-0.80000000,0,"<div><span class="supersubNumber">15.0</span><span class="superscript">+0.9</span><span class="subscript">-0.8</span></div>","Mass",,,,,,,,,,,6080.00,260.00,-170.00,0,"<div><span class="supersubNumber">6080</span> <span class="superscript">+260</span><span class="subscript">-170</span> </div>",-0.1200,0.1800,-0.1800,0,"-0.12&plusmn;0.18",,,,,,4.6000,2.1000,-2.1000,0,"4.6&plusmn;2.1",,,,,,4.400000,,,0,"4.4",,,,,,1.200000,0.100000,-0.100000,0,"1.2&plusmn;0.1",,,,,,1.200000,0.100000,-0.100000,0,"1.2&plusmn;0.1",1,0,1,0,0,0,0,0,0,0,"Published Confirmed",1,8,0,0,0,0,0,0,0,0,0,5.4320160,0.0289553,-0.0289553,"5.4320160&plusmn;0.0289553",-4.3791700,0.0295063,-0.0295063,"-4.3791700&plusmn;0.0295063",-3.2139800,0.0279036,-0.0279036,"-3.2139800&plusmn;0.0279036",1.1500700,0.0149210,-0.0149210,"1.150070&plusmn;0.014921",848.25400000,10.81850000,-10.81850000,"848.2540&plusmn;10.8185",14.6040000,0.0090000,-0.0090000,"14.604&plusmn;0.009",13.8830000,0.0690000,-0.0690000,"13.883&plusmn;0.069",12.7900000,0.0290000,-0.0290000,"12.790&plusmn;0.029",12.5310000,0.0330000,-0.0330000,"12.531&plusmn;0.033",12.4820000,0.0240000,-0.0240000
"KOI-351 c","c","KOI-351",,,"TIC 267667295","Gaia DR2 2132193431285570304","Gaia DR3 2132193431285570304",0,"<a refstr=Q1_Q17_DR25_KOI_TABLE href=https://exoplanetarchive.ipac.caltech.edu/docs/Kepler_KOI_docs.html target=ref>Q1-Q17 DR25 KOI Table</a>","<a refstr=STASSUN_ET_AL__2019 href=https://ui.adsabs.harvard.edu/abs/2019AJ....158..138S/abstract target=ref>TICv8</a>","2014-01",2013,"Transit","Space","Kepler","Kepler CCD Array","0.95 m Kepler Telescope","<a refstr=CABRERA_ET_AL__2014 href=https://ui.adsabs.harvard.edu/abs/2014ApJ...781...18C/abstract target=ref> Cabrera et al. 2014 </a>",284.4334642,"18h57m44.03s",49.3051239,"+49d18m18.45s",79.26947,19.25567,300.32939,71.22769,8.71980135000,0.00002988000,-0.00002988000,0,"8.71980135&plusmn;2.988e-05",,,,0,,0.0854000000,,,0,".0854",88.84000,,,0,"88.84",,,,,,0.000000,,,0,"0",987.00,,,0,"987",,,,,,224.4700,101.2100,-70.1900,0,"<div><span class="supersubNumber">224.47</span> <span class="superscript">+101.21</span><span class="subscript">-70.19</span> </div>",,,,,,0.01604000,0.00074000,-0.00074000,0,"0.01604&plusmn0.00074",2454972.52134000,0.00269000,-0.00269000,0,"2454972.521&plusmn;0.00269",3.7454000,0.0740000,-0.0740000,0,"3.7454&plusmn;0.074","12.482&plusmn;0.024",,,,,,,,,,,,,,,,,12.4380000,0.0230000,-0.0230000,"12.438&plusmn;0.023",12.4760000,0.0230000,-0.0230000,"12.476&plusmn;0.023",12.5130000,0.2770000,-0.2770000,"12.513&plusmn;0.277",9.5880000,,,"9.588",,,,,13.7397000,0.0002170,-0.0002170,"13.739700&plusmn;0.000217",13.3396000,0.0082000,-0.0082000,"13.3396&plusmn;0.0082",0,"BJD","[Fe/H]",,13.804,,,"13.804",,,,,,,,,,,0.16252225015565333,-0.63145104660463824,0.75819264962557520,-419849693,,,,,,0.13649769,0.02230354,-0.01784284,0,"<div><span class="supersubNumber">0.136</span><span class="superscript">+0.022</span><span class="subscript">-0.018</span></div>",1.53000000,0.25000000,-0.20000000,0,"<div><span class="supersubNumber">1.53</span> <span class="superscript">+0.25</span><span class="subscript">-0.2</span> </div>",0.01167900,0.00029500,-0.00047300,0,"<div><span class="supersubNumber">0.011679</span> <span class="superscript">+0.000295</span><span class="subscript">-0.000473</span> </div>",16.940000,,,,,,,,,,"2017-05-08","2017-08-31 00:00","<a refstr=Q1_Q17_DR25_KOI_TABLE href=https://exoplanetarchive.ipac.caltech.edu/docs/Kepler_KOI_docs.html target=ref>Q1-Q17 DR25 KOI Table</a>","2017-05-08",0,4.900000,-4.900000,0,"16.94&plusmn;4.9",0.343000,0.085000,-0.343000,0,"<div><span class="supersubNumber">0.343</span> <span class="superscript">+0.085</span><span class="subscript">-0.343</span> </div>",,,,,,,,,,,,,,,,,,,,,,,,,,,,,,,,,,,,,,,,,,5970.00,107.00,-131.00,0,"<div><span class="supersubNumber">5970</span> <span class="superscript">+107</span><span class="subscript">-131</span> </div>",0.1000,0.1500,-0.1500,0,"0.1&plusmn;0.15",,,,,,,,,,,,,,,,4.317000,0.110000,-0.121000,0,"<div><span class="supersubNumber">4.317</span> <span class="superscript">+0.11</span><span class="subscript">-0.121</span> </div>",,,,0,,1.089000,0.089000,-0.080000,0,"<div><span class="supersubNumber">1.089</span> <span class="superscript">+0.089</span><span class="subscript">-0.08</span> </div>",1.209920,0.349770,-0.223900,0,"<div><span class="supersubNumber">1.20992</span> <span class="superscript">+0.34977</span><span class="subscript">-0.22390</span> </div>",1.200000,0.195000,-0.160000,0,"<div><span class="supersubNumber">1.2</span> <span class="superscript">+0.195</span><span class="subscript">-0.16</span> </div>",0,0,1,0,0,0,0,0,0,0,"Kepler Project Candidate (q1_q17_dr25_koi)",1,8,0,0,0,0,0,0,0,0,0,5.4320160,0.0289553,-0.0289553,"5.4320160&plusmn;0.0289553",-4.3791700,0.0295063,-0.0295063,"-4.3791700&plusmn;0.0295063",-3.2139800,0.0279036,-0.0279036,"-3.2139800&plusmn;0.0279036",1.1500700,0.0149210,-0.0149210,"1.150070&plusmn;0.014921",848.25400000,10.81850000,-10.81850000,"848.2540&plusmn;10.8185",14.6040000,0.0090000,-0.0090000,"14.604&plusmn;0.009",13.8830000,0.0690000,-0.0690000,"13.883&plusmn;0.069",12.7900000,0.0290000,-0.0290000,"12.790&plusmn;0.029",12.5310000,0.0330000,-0.0330000,"12.531&plusmn;0.033",12.4820000,0.0240000,-0.0240000
"KOI-351 h","h","KOI-351",,,"TIC 267667295","Gaia DR2 2132193431285570304","Gaia DR3 2132193431285570304",0,"<a refstr=BERGER_ET_AL__2018 href=https://ui.adsabs.harvard.edu/abs/2018ApJ...866...99B/abstract target=ref>Berger et al. 2018</a>","<a refstr=STASSUN_ET_AL__2019 href=https://ui.adsabs.harvard.edu/abs/2019AJ....158..138S/abstract target=ref>TICv8</a>","2014-01",2013,"Transit","Space","Kepler","Kepler CCD Array","0.95 m Kepler Telescope","<a refstr=CABRERA_ET_AL__2014 href=https://ui.adsabs.harvard.edu/abs/2014ApJ...781...18C/abstract target=ref> Cabrera et al. 2014 </a>",284.4334642,"18h57m44.03s",49.3051239,"+49d18m18.45s",79.26947,19.25567,300.32939,71.22769,,,,,,,,,,,,,,,,,,,,,,,,,,,,,,,,,,,,,,,,,1.8490,0.0630,-0.0610,0,"<div><span class="supersubNumber">1.849</span><span class="superscript">+0.063</span><span class="subscript">-0.061</span></div>",,,,,,,,,,,,,,,,,,,,,"12.482&plusmn;0.024",,,,,,,,,,,,,,,,,12.4380000,0.0230000,-0.0230000,"12.438&plusmn;0.023",12.4760000,0.0230000,-0.0230000,"12.476&plusmn;0.023",12.5130000,0.2770000,-0.2770000,"12.513&plusmn;0.277",9.5880000,,,"9.588",,,,,13.7397000,0.0002170,-0.0002170,"13.739700&plusmn;0.000217",13.3396000,0.0082000,-0.0082000,"13.3396&plusmn;0.0082",0,,,,13.804,,,"13.804",,,,,,,,,,,0.16252225015565333,-0.63145104660463824,0.75819264962557520,-419849693,,,,,,0.98019449,0.04371487,-0.04121688,0,"<div><span class="supersubNumber">0.98019</span><span class="superscript">+0.04371</span><span class="subscript">-0.04122</span></div>",10.98700000,0.49000000,-0.46200000,0,"<div><span class="supersubNumber">10.987</span><span class="superscript">+0.490</span><span class="subscript">-0.462</span></div>",,,,,,,,,,,,,,,,"2018-09-04","2018-10","<a refstr=BERGER_ET_AL__2018 href=https://ui.adsabs.harvard.edu/abs/2018ApJ...866...99B/abstract target=ref>Berger et al. 2018</a>","2018-09-06",0,,,,,,,,,,,,,,,,,,,,,,,,,,,,,,,,,,,,,,,,,,,,,,,,,,,6015.00,120.00,-120.00,0,"6015&plusmn;120",,,,,,,,,,,,,,,,,,,,,,,,,,,,,,,,,,,,,,,,,1.211000,0.054000,-0.051000,0,"<div><span class="supersubNumber">1.211</span><span class="superscript">+0.054</span><span class="subscript">-0.051</span></div>",1,0,1,1,0,0,0,0,0,0,"Published Confirmed",1,8,0,0,0,0,0,0,0,0,1,5.4320160,0.0289553,-0.0289553,"5.4320160&plusmn;0.0289553",-4.3791700,0.0295063,-0.0295063,"-4.3791700&plusmn;0.0295063",-3.2139800,0.0279036,-0.0279036,"-3.2139800&plusmn;0.0279036",1.1500700,0.0149210,-0.0149210,"1.150070&plusmn;0.014921",848.25400000,10.81850000,-10.81850000,"848.2540&plusmn;10.8185",14.6040000,0.0090000,-0.0090000,"14.604&plusmn;0.009",13.8830000,0.0690000,-0.0690000,"13.883&plusmn;0.069",12.7900000,0.0290000,-0.0290000,"12.790&plusmn;0.029",12.5310000,0.0330000,-0.0330000,"12.531&plusmn;0.033",12.4820000,0.0240000,-0.0240000
"KOI-351 d","d","KOI-351",,,"TIC 267667295","Gaia DR2 2132193431285570304","Gaia DR3 2132193431285570304",0,"<a refstr=Q1_Q17_DR25_SUPPLEMENTAL_KOI_TABLE href=https://exoplanetarchive.ipac.caltech.edu/docs/Kepler_KOI_docs.html target=ref>Q1-Q17 DR25 Supplemental KOI Table</a>","<a refstr=STASSUN_ET_AL__2019 href=https://ui.adsabs.harvard.edu/abs/2019AJ....158..138S/abstract target=ref>TICv8</a>","2014-01",2013,"Transit","Space","Kepler","Kepler CCD Array","0.95 m Kepler Telescope","<a refstr=CABRERA_ET_AL__2014 href=https://ui.adsabs.harvard.edu/abs/2014ApJ...781...18C/abstract target=ref> Cabrera et al. 2014 </a>",284.4334642,"18h57m44.03s",49.3051239,"+49d18m18.45s",79.26947,19.25567,300.32939,71.22769,59.73714430000,0.00024020000,-0.00024020000,0,"59.7371443&plusmn;0.0002402",,,,0,,,,,0,,,,,0,,,,,,,,,,0,,,,,0,,,,,,,,,,0,,,,,,,,,,0,,2454991.95974000,0.00276000,-0.00276000,0,"2454991.96&plusmn;0.00276",,,,0,,"12.482&plusmn;0.024",,,,,,,,,,,,,,,,,12.4380000,0.0230000,-0.0230000,"12.438&plusmn;0.023",12.4760000,0.0230000,-0.0230000,"12.476&plusmn;0.023",12.5130000,0.2770000,-0.2770000,"12.513&plusmn;0.277",9.5880000,,,"9.588",,,,,13.7397000,0.0002170,-0.0002170,"13.739700&plusmn;0.000217",13.3396000,0.0082000,-0.0082000,"13.3396&plusmn;0.0082",0,"BJD","[M/H]",,13.804,,,"13.804",,,,,,,,,,,0.16252225015565333,-0.63145104660463824,0.75819264962557520,-419849693,,,,,,,,,,,,,,0,,,,,0,,,,,,,,,,,,"2018-09-25","2018-08-16","<a refstr=STASSUN_ET_AL__2019 href=https://ui.adsabs.harvard.edu/abs/2019AJ....158..138S/abstract target=ref>TICv8</a>","2018-09-25",0,,,0,,,,,0,,,,,,,,,,,,,,,,,,,,,,,,,,,,,,,,,,,,,,,,,,,6031.13,34.68,-34.68,0,"6031.13&plusmn;34.68",0.0830,0.0330,-0.0330,0,"0.0830&plusmn;0.0330",,,,,,,,,,,0.26853,,,0,"0.2685314",4.295040,,,0,"4.29504",,,,,,1.120000,,,0,"1.12",0.812869,,,0,"0.8128692",1.247730,,,0,"1.24773",0,0,1,0,0,0,0,0,0,0,"Kepler Project Candidate (q1_q17_dr25_sup_koi)",1,8,0,0,0,0,0,0,0,0,0,5.4320160,0.0289553,-0.0289553,"5.4320160&plusmn;0.0289553",-4.3791700,0.0295063,-0.0295063,"-4.3791700&plusmn;0.0295063",-3.2139800,0.0279036,-0.0279036,"-3.2139800&plusmn;0.0279036",1.1500700,0.0149210,-0.0149210,"1.150070&plusmn;0.014921",848.25400000,10.81850000,-10.81850000,"848.2540&plusmn;10.8185",14.6040000,0.0090000,-0.0090000,"14.604&plusmn;0.009",13.8830000,0.0690000,-0.0690000,"13.883&plusmn;0.069",12.7900000,0.0290000,-0.0290000,"12.790&plusmn;0.029",12.5310000,0.0330000,-0.0330000,"12.531&plusmn;0.033",12.4820000,0.0240000,-0.0240000
"KOI-351 g","g","KOI-351",,,"TIC 267667295","Gaia DR2 2132193431285570304","Gaia DR3 2132193431285570304",0,"<a refstr=Q1_Q12_KOI_TABLE href=https://exoplanetarchive.ipac.caltech.edu/docs/Kepler_KOI_docs.html target=ref>Q1-Q12 KOI Table</a>","<a refstr=STASSUN_ET_AL__2019 href=https://ui.adsabs.harvard.edu/abs/2019AJ....158..138S/abstract target=ref>TICv8</a>","2014-01",2013,"Transit","Space","Kepler","Kepler CCD Array","0.95 m Kepler Telescope","<a refstr=CABRERA_ET_AL__2014 href=https://ui.adsabs.harvard.edu/abs/2014ApJ...781...18C/abstract target=ref> Cabrera et al. 2014 </a>",284.4334642,"18h57m44.03s",49.3051239,"+49d18m18.45s",79.26947,19.25567,300.32939,71.22769,210.60311050000,0.00038210000,-0.00038210000,0,"210.6031105&plusmn;0.0003821",,,,0,,0.6856000000,,,0,".6856",89.95000,,,0,"89.95",,,,,,0.000000,,,0,"0",341.00,,,0,"341",,,,,,3.2000,3.7700,-1.1300,0,"<div><span class="supersubNumber">3.20</span> <span class="superscript">+3.77</span><span class="subscript">-1.13</span> </div>",,,,,,0.41967000,0.00262000,-0.00262000,0,"0.41967&plusmn0.00262",2454980.05040000,0.00157000,-0.00157000,0,"2454980.05&plusmn;0.00157",11.9149000,0.0385000,-0.0385000,0,"11.9149&plusmn;0.0385","12.482&plusmn;0.024",,,,,,,,,,,,,,,,,12.4380000,0.0230000,-0.0230000,"12.438&plusmn;0.023",12.4760000,0.0230000,-0.0230000,"12.476&plusmn;0.023",12.5130000,0.2770000,-0.2770000,"12.513&plusmn;0.277",9.5880000,,,"9.588",,,,,13.7397000,0.0002170,-0.0002170,"13.739700&plusmn;0.000217",13.3396000,0.0082000,-0.0082000,"13.3396&plusmn;0.0082",0,"BJD","[Fe/H]",,13.804,,,"13.804",,,,,,,,,,,0.16252225015565333,-0.63145104660463824,0.75819264962557520,-419849693,,,,,,0.61200926,0.23730971,-0.08207704,0,"<div><span class="supersubNumber">0.612</span><span class="superscript">+0.237</span><span class="subscript">-0.082</span></div>",6.86000000,2.66000000,-0.92000000,0,"<div><span class="supersubNumber">6.86</span> <span class="superscript">+2.66</span><span class="subscript">-0.92</span> </div>",0.05962200,0.00022800,-0.00020900,0,"<div><span class="supersubNumber">0.059622</span> <span class="superscript">+0.000228</span><span class="subscript">-0.000209</span> </div>",143.068000,,,,,,,,,,"2014-11-18","2014-12-04","<a refstr=Q1_Q12_KOI_TABLE href=https://exoplanetarchive.ipac.caltech.edu/docs/Kepler_KOI_docs.html target=ref>Q1-Q12 KOI Table</a>","2014-11-18",0,0.549000,-0.549000,0,"143.068&plusmn;0.549",0.015400,0.125700,-0.015400,0,"<div><span class="supersubNumber">0.0154</span> <span class="superscript">+0.1257</span><span class="subscript">-0.0154</span> </div>",,,,,,,,,,,,,,,,,,,,,,,,,,,,,,,,,,,,,,,,,,6238.00,195.00,-227.00,0,"<div><span class="supersubNumber">6238.00</span> <span class="superscript">+195.00</span><span class="subscript">-227.00</span> </div>",-0.4000,0.2800,-0.3000,0,"<div><span class="supersubNumber">-0.400</span> <span class="superscript">+0.280</span><span class="subscript">-0.300</span> </div>",,,,,,,,,,,,,,,,4.378000,0.099000,-0.264000,0,"<div><span class="supersubNumber">4.378</span> <span class="superscript">+0.099</span><span class="subscript">-0.264</span> </div>",,,,0,,0.967000,0.144000,-0.112000,0,"<div><span class="supersubNumber">0.9670</span> <span class="superscript">+0.1440</span><span class="subscript">-0.1120</span> </div>",1.248990,0.004790,-0.061070,0,"<div><span class="supersubNumber">1.24899</span> <span class="superscript">+0.00479</span><span class="subscript">-0.06107</span> </div>",1.054000,0.408000,-0.141000,0,"<div><span class="supersubNumber">1.0540</span> <span class="superscript">+0.4080</span><span class="subscript">-0.1410</span> </div>",1,0,1,0,0,0,0,0,0,0,"Kepler Project Candidate (q1_q12_koi)",1,8,0,0,0,0,0,0,0,0,0,5.4320160,0.0289553,-0.0289553,"5.4320160&plusmn;0.0289553",-4.3791700,0.0295063,-0.0295063,"-4.3791700&plusmn;0.0295063",-3.2139800,0.0279036,-0.0279036,"-3.2139800&plusmn;0.0279036",1.1500700,0.0149210,-0.0149210,"1.150070&plusmn;0.014921",848.25400000,10.81850000,-10.81850000,"848.2540&plusmn;10.8185",14.6040000,0.0090000,-0.0090000,"14.604&plusmn;0.009",13.8830000,0.0690000,-0.0690000,"13.883&plusmn;0.069",12.7900000,0.0290000,-0.0290000,"12.790&plusmn;0.029",12.5310000,0.0330000,-0.0330000,"12.531&plusmn;0.033",12.4820000,0.0240000,-0.0240000
"KOI-351 f","f","KOI-351",,,"TIC 267667295","Gaia DR2 2132193431285570304","Gaia DR3 2132193431285570304",0,"<a refstr=FULTON__AMP__PETIGURA_2018 href=https://ui.adsabs.harvard.edu/abs/2018AJ....156..264F/abstract target=ref>Fulton &amp; Petigura 2018</a>","<a refstr=STASSUN_ET_AL__2019 href=https://ui.adsabs.harvard.edu/abs/2019AJ....158..138S/abstract target=ref>TICv8</a>","2014-01",2013,"Transit","Space","Kepler","Kepler CCD Array","0.95 m Kepler Telescope","<a refstr=CABRERA_ET_AL__2014 href=https://ui.adsabs.harvard.edu/abs/2014ApJ...781...18C/abstract target=ref> Cabrera et al. 2014 </a>",284.4334642,"18h57m44.03s",49.3051239,"+49d18m18.45s",79.26947,19.25567,300.32939,71.22769,124.91633700000,0.00144300000,-0.00144300000,0,"124.916337000&plusmn;0.001443000",,,,,,0.5062000000,0.0051600000,-0.0051600000,0,"0.50620&plusmn;0.00516",,,,,,,,,,,,,,,,,,,,,,,,,,6.4000,0.4000,-0.4000,0,"6.4&plusmn;0.4",,,,,,,,,,,,,,,,,,,,,"12.482&plusmn;0.024",,,,,,,,,,,,,,,,,12.4380000,0.0230000,-0.0230000,"12.438&plusmn;0.023",12.4760000,0.0230000,-0.0230000,"12.476&plusmn;0.023",12.5130000,0.2770000,-0.2770000,"12.513&plusmn;0.277",9.5880000,,,"9.588",,,,,13.7397000,0.0002170,-0.0002170,"13.739700&plusmn;0.000217",13.3396000,0.0082000,-0.0082000,"13.3396&plusmn;0.0082",0,,"[Fe/H]",,13.804,,,"13.804",,,,,,,,,,,0.16252225015565333,-0.63145104660463824,0.75819264962557520,-419849693,,,,,,0.24712327,0.01070570,-0.01070570,0,"0.2471&plusmn;0.0107",2.77000000,0.12000000,-0.12000000,0,"2.770&plusmn;0.120",0.02139100,0.00063400,-0.00089700,0,"<div><span class="supersubNumber">0.021391</span><span class="superscript">+0.000634</span><span class="subscript">-0.000897</span></div>",,,,,,,,,,,"2024-12-05","2018-12","<a refstr=FULTON__AMP__PETIGURA_2018 href=https://ui.adsabs.harvard.edu/abs/2018AJ....156..264F/abstract target=ref>Fulton &amp; Petigura 2018</a>","2024-12-05",0,,,,,,,,,,,,,,,,,,,,,,,,,,,,,,,,,,,,,,,,,,,,,,,,,,,6015.00,60.00,-60.00,0,"6015&plusmn;60",0.1000,0.0400,-0.0400,0,"0.10&plusmn;0.04",,,,,,,,,,,,,,,,,,,,,3.5500,1.1300,-1.0900,0,"<div><span class="supersubNumber">3.55</span><span class="superscript">+1.13</span><span class="subscript">-1.09</span></div>",1.108000,0.035000,-0.033000,0,"<div><span class="supersubNumber">1.108</span><span class="superscript">+0.035</span><span class="subscript">-0.033</span></div>",0.670000,0.030000,-0.040000,0,"<div><span class="supersubNumber">0.67</span><span class="superscript">+0.03</span><span class="subscript">-0.04</span></div>",1.185000,0.031000,-0.030000,0,"<div><span class="supersubNumber">1.185</span><span class="superscript">+0.031</span><span class="subscript">-0.030</span></div>",0,0,1,0,0,0,0,0,0,0,"Published Candidate",1,8,0,0,0,0,0,0,0,0,0,5.4320160,0.0289553,-0.0289553,"5.4320160&plusmn;0.0289553",-4.3791700,0.0295063,-0.0295063,"-4.3791700&plusmn;0.0295063",-3.2139800,0.0279036,-0.0279036,"-3.2139800&plusmn;0.0279036",1.1500700,0.0149210,-0.0149210,"1.150070&plusmn;0.014921",848.25400000,10.81850000,-10.81850000,"848.2540&plusmn;10.8185",14.6040000,0.0090000,-0.0090000,"14.604&plusmn;0.009",13.8830000,0.0690000,-0.0690000,"13.883&plusmn;0.069",12.7900000,0.0290000,-0.0290000,"12.790&plusmn;0.029",12.5310000,0.0330000,-0.0330000,"12.531&plusmn;0.033",12.4820000,0.0240000,-0.0240000
"KOI-351 d","d","KOI-351",,,"TIC 267667295","Gaia DR2 2132193431285570304","Gaia DR3 2132193431285570304",0,"<a refstr=BERGER_ET_AL__2018 href=https://ui.adsabs.harvard.edu/abs/2018ApJ...866...99B/abstract target=ref>Berger et al. 2018</a>","<a refstr=STASSUN_ET_AL__2019 href=https://ui.adsabs.harvard.edu/abs/2019AJ....158..138S/abstract target=ref>TICv8</a>","2014-01",2013,"Transit","Space","Kepler","Kepler CCD Array","0.95 m Kepler Telescope","<a refstr=CABRERA_ET_AL__2014 href=https://ui.adsabs.harvard.edu/abs/2014ApJ...781...18C/abstract target=ref> Cabrera et al. 2014 </a>",284.4334642,"18h57m44.03s",49.3051239,"+49d18m18.45s",79.26947,19.25567,300.32939,71.22769,,,,,,,,,,,,,,,,,,,,,,,,,,,,,,,,,,,,,,,,,18.1680,0.6190,-0.5980,0,"<div><span class="supersubNumber">18.168</span><span class="superscript">+0.619</span><span class="subscript">-0.598</span></div>",,,,,,,,,,,,,,,,,,,,,"12.482&plusmn;0.024",,,,,,,,,,,,,,,,,12.4380000,0.0230000,-0.0230000,"12.438&plusmn;0.023",12.4760000,0.0230000,-0.0230000,"12.476&plusmn;0.023",12.5130000,0.2770000,-0.2770000,"12.513&plusmn;0.277",9.5880000,,,"9.588",,,,,13.7397000,0.0002170,-0.0002170,"13.739700&plusmn;0.000217",13.3396000,0.0082000,-0.0082000,"13.3396&plusmn;0.0082",0,,,,13.804,,,"13.804",,,,,,,,,,,0.16252225015565333,-0.63145104660463824,0.75819264962557520,-419849693,,,,,,0.25568739,0.01347132,-0.01133018,0,"<div><span class="supersubNumber">0.2557</span><span class="superscript">+0.0135</span><span class="subscript">-0.0113</span></div>",2.86600000,0.15100000,-0.12700000,0,"<div><span class="supersubNumber">2.866</span><span class="superscript">+0.151</span><span class="subscript">-0.127</span></div>",,,,,,,,,,,,,,,,"2018-09-04","2018-10","<a refstr=BERGER_ET_AL__2018 href=https://ui.adsabs.harvard.edu/abs/2018ApJ...866...99B/abstract target=ref>Berger et al. 2018</a>","2018-09-06",0,,,,,,,,,,,,,,,,,,,,,,,,,,,,,,,,,,,,,,,,,,,,,,,,,,,6015.00,120.00,-120.00,0,"6015&plusmn;120",,,,,,,,,,,,,,,,,,,,,,,,,,,,,,,,,,,,,,,,,1.211000,0.054000,-0.051000,0,"<div><span class="supersubNumber">1.211</span><span class="superscript">+0.054</span><span class="subscript">-0.051</span></div>",0,0,1,0,0,0,0,0,0,0,"Published Confirmed",1,8,0,0,0,0,0,0,0,0,0,5.4320160,0.0289553,-0.0289553,"5.4320160&plusmn;0.0289553",-4.3791700,0.0295063,-0.0295063,"-4.3791700&plusmn;0.0295063",-3.2139800,0.0279036,-0.0279036,"-3.2139800&plusmn;0.0279036",1.1500700,0.0149210,-0.0149210,"1.150070&plusmn;0.014921",848.25400000,10.81850000,-10.81850000,"848.2540&plusmn;10.8185",14.6040000,0.0090000,-0.0090000,"14.604&plusmn;0.009",13.8830000,0.0690000,-0.0690000,"13.883&plusmn;0.069",12.7900000,0.0290000,-0.0290000,"12.790&plusmn;0.029",12.5310000,0.0330000,-0.0330000,"12.531&plusmn;0.033",12.4820000,0.0240000,-0.0240000
"KOI-351 e","e","KOI-351",,,"TIC 267667295","Gaia DR2 2132193431285570304","Gaia DR3 2132193431285570304",1,"<a refstr=CABRERA_ET_AL__2014 href=https://ui.adsabs.harvard.edu/abs/2014ApJ...781...18C/abstract target=ref> Cabrera et al. 2014 </a>","<a refstr=STASSUN_ET_AL__2019 href=https://ui.adsabs.harvard.edu/abs/2019AJ....158..138S/abstract target=ref>TICv8</a>","2014-01",2013,"Transit","Space","Kepler","Kepler CCD Array","0.95 m Kepler Telescope","<a refstr=CABRERA_ET_AL__2014 href=https://ui.adsabs.harvard.edu/abs/2014ApJ...781...18C/abstract target=ref> Cabrera et al. 2014 </a>",284.4334642,"18h57m44.03s",49.3051239,"+49d18m18.45s",79.26947,19.25567,300.32939,71.22769,91.93913000000,0.00073000000,-0.00073000000,0,"91.93913&plusmn;0.00073",,,,,,0.4200000000,0.0600000000,-0.0600000000,0,"0.42&plusmn;0.06",89.79000,0.19000,-0.19000,0,"89.79&plusmn;0.19",,,,,,,,,,,,,,,,,,,,,,,,,,,,,,,,,,,,2454967.31270000,0.00630000,-0.00630000,0,"2454967.3127&plusmn;0.0063",9.7100000,0.1900000,-0.1900000,0,"9.71&plusmn;0.19","12.482&plusmn;0.024",,,,,,,,,,,,,,,,,12.4380000,0.0230000,-0.0230000,"12.438&plusmn;0.023",12.4760000,0.0230000,-0.0230000,"12.476&plusmn;0.023",12.5130000,0.2770000,-0.2770000,"12.513&plusmn;0.277",9.5880000,,,"9.588",,,,,13.7397000,0.0002170,-0.0002170,"13.739700&plusmn;0.000217",13.3396000,0.0082000,-0.0082000,"13.3396&plusmn;0.0082",0,"HJD","[M/H]",,13.804,,,"13.804",,,,,,,,,,,0.16252225015565333,-0.63145104660463824,0.75819264962557520,-419849693,,,,,,0.23700000,0.02600000,-0.02600000,0,"0.237&plusmn;0.026",2.66000000,0.29000000,-0.29000000,0,"2.66&plusmn;0.29",0.02030000,0.00050000,-0.00050000,0,"0.0203&plusmn;0.0005",74.700000,,,,,,,,,,"2014-05-14","2014-01","<a refstr=CABRERA_ET_AL__2014 href=https://ui.adsabs.harvard.edu/abs/2014ApJ...781...18C/abstract target=ref> Cabrera et al. 2014 </a>","2014-05-14",0,4.300000,-4.300000,0,"74.7&plusmn;4.3",0.270000,0.220000,-0.220000,0,"0.27&plusmn;0.22",,,,,,,,,,,,,,,,,,,,,,,,,,,,,,,,,,,,,,,,,,6080.00,260.00,-170.00,0,"<div><span class="supersubNumber">6080</span> <span class="superscript">+260</span><span class="subscript">-170</span> </div>",-0.1200,0.1800,-0.1800,0,"-0.12&plusmn;0.18",,,,,,4.6000,2.1000,-2.1000,0,"4.6&plusmn;2.1",,,,,,4.400000,,,0,"4.4",,,,,,1.200000,0.100000,-0.100000,0,"1.2&plusmn;0.1",,,,,,1.200000,0.100000,-0.100000,0,"1.2&plusmn;0.1",0,0,1,0,0,0,0,0,0,0,"Published Confirmed",1,8,0,0,0,0,0,0,0,0,0,5.4320160,0.0289553,-0.0289553,"5.4320160&plusmn;0.0289553",-4.3791700,0.0295063,-0.0295063,"-4.3791700&plusmn;0.0295063",-3.2139800,0.0279036,-0.0279036,"-3.2139800&plusmn;0.0279036",1.1500700,0.0149210,-0.0149210,"1.150070&plusmn;0.014921",848.25400000,10.81850000,-10.81850000,"848.2540&plusmn;10.8185",14.6040000,0.0090000,-0.0090000,"14.604&plusmn;0.009",13.8830000,0.0690000,-0.0690000,"13.883&plusmn;0.069",12.7900000,0.0290000,-0.0290000,"12.790&plusmn;0.029",12.5310000,0.0330000,-0.0330000,"12.531&plusmn;0.033",12.4820000,0.0240000,-0.0240000
"KOI-351 g","g","KOI-351",,,"TIC 267667295","Gaia DR2 2132193431285570304","Gaia DR3 2132193431285570304",0,"<a refstr=FULTON__AMP__PETIGURA_2018 href=https://ui.adsabs.harvard.edu/abs/2018AJ....156..264F/abstract target=ref>Fulton &amp; Petigura 2018</a>","<a refstr=STASSUN_ET_AL__2019 href=https://ui.adsabs.harvard.edu/abs/2019AJ....158..138S/abstract target=ref>TICv8</a>","2014-01",2013,"Transit","Space","Kepler","Kepler CCD Array","0.95 m Kepler Telescope","<a refstr=CABRERA_ET_AL__2014 href=https://ui.adsabs.harvard.edu/abs/2014ApJ...781...18C/abstract target=ref> Cabrera et al. 2014 </a>",284.4334642,"18h57m44.03s",49.3051239,"+49d18m18.45s",79.26947,19.25567,300.32939,71.22769,210.60311050000,0.00038210000,-0.00038210000,0,"210.603110500&plusmn;0.000382100",,,,,,0.7170400000,0.0072900000,-0.0072900000,0,"0.71704&plusmn;0.00729",,,,,,,,,,,,,,,,,,,,,,,,,,3.2000,0.2000,-0.2000,0,"3.2&plusmn;0.2",,,,,,,,,,,,,,,,,,,,,"12.482&plusmn;0.024",,,,,,,,,,,,,,,,,12.4380000,0.0230000,-0.0230000,"12.438&plusmn;0.023",12.4760000,0.0230000,-0.0230000,"12.476&plusmn;0.023",12.5130000,0.2770000,-0.2770000,"12.513&plusmn;0.277",9.5880000,,,"9.588",,,,,13.7397000,0.0002170,-0.0002170,"13.739700&plusmn;0.000217",13.3396000,0.0082000,-0.0082000,"13.3396&plusmn;0.0082",0,,"[Fe/H]",,13.804,,,"13.804",,,,,,,,,,,0.16252225015565333,-0.63145104660463824,0.75819264962557520,-419849693,,,,,,0.68855503,0.01837812,-0.01837812,0,"0.6886&plusmn;0.0184",7.71800000,0.20600000,-0.20600000,0,"7.718&plusmn;0.206",0.05962200,0.00022800,-0.00020900,0,"<div><span class="supersubNumber">0.059622</span><span class="superscript">+0.000228</span><span class="subscript">-0.000209</span></div>",,,,,,,,,,,"2024-12-05","2018-12","<a refstr=FULTON__AMP__PETIGURA_2018 href=https://ui.adsabs.harvard.edu/abs/2018AJ....156..264F/abstract target=ref>Fulton &amp; Petigura 2018</a>","2024-12-05",0,,,,,,,,,,,,,,,,,,,,,,,,,,,,,,,,,,,,,,,,,,,,,,,,,,,6015.00,60.00,-60.00,0,"6015&plusmn;60",0.1000,0.0400,-0.0400,0,"0.10&plusmn;0.04",,,,,,,,,,,,,,,,,,,,,3.5500,1.1300,-1.0900,0,"<div><span class="supersubNumber">3.55</span><span class="superscript">+1.13</span><span class="subscript">-1.09</span></div>",1.108000,0.035000,-0.033000,0,"<div><span class="supersubNumber">1.108</span><span class="superscript">+0.035</span><span class="subscript">-0.033</span></div>",0.670000,0.030000,-0.040000,0,"<div><span class="supersubNumber">0.67</span><span class="superscript">+0.03</span><span class="subscript">-0.04</span></div>",1.185000,0.031000,-0.030000,0,"<div><span class="supersubNumber">1.185</span><span class="superscript">+0.031</span><span class="subscript">-0.030</span></div>",1,0,1,0,0,0,0,0,0,0,"Published Candidate",1,8,0,0,0,0,0,0,0,0,0,5.4320160,0.0289553,-0.0289553,"5.4320160&plusmn;0.0289553",-4.3791700,0.0295063,-0.0295063,"-4.3791700&plusmn;0.0295063",-3.2139800,0.0279036,-0.0279036,"-3.2139800&plusmn;0.0279036",1.1500700,0.0149210,-0.0149210,"1.150070&plusmn;0.014921",848.25400000,10.81850000,-10.81850000,"848.2540&plusmn;10.8185",14.6040000,0.0090000,-0.0090000,"14.604&plusmn;0.009",13.8830000,0.0690000,-0.0690000,"13.883&plusmn;0.069",12.7900000,0.0290000,-0.0290000,"12.790&plusmn;0.029",12.5310000,0.0330000,-0.0330000,"12.531&plusmn;0.033",12.4820000,0.0240000,-0.0240000
"KOI-351 c","c","KOI-351",,,"TIC 267667295","Gaia DR2 2132193431285570304","Gaia DR3 2132193431285570304",0,"<a refstr=FULTON__AMP__PETIGURA_2018 href=https://ui.adsabs.harvard.edu/abs/2018AJ....156..264F/abstract target=ref>Fulton &amp; Petigura 2018</a>","<a refstr=STASSUN_ET_AL__2019 href=https://ui.adsabs.harvard.edu/abs/2019AJ....158..138S/abstract target=ref>TICv8</a>","2014-01",2013,"Transit","Space","Kepler","Kepler CCD Array","0.95 m Kepler Telescope","<a refstr=CABRERA_ET_AL__2014 href=https://ui.adsabs.harvard.edu/abs/2014ApJ...781...18C/abstract target=ref> Cabrera et al. 2014 </a>",284.4334642,"18h57m44.03s",49.3051239,"+49d18m18.45s",79.26947,19.25567,300.32939,71.22769,8.71982853000,0.00006248000,-0.00006248000,0,"8.719828530&plusmn;0.000062480",,,,,,0.0858200000,0.0008600000,-0.0008600000,0,"0.08582&plusmn;0.00086",,,,,,,,,,,,,,,,,,,,,,,,,,224.4000,15.3000,-15.3000,0,"224.4&plusmn;15.3",,,,,,,,,,,,,,,,,,,,,"12.482&plusmn;0.024",,,,,,,,,,,,,,,,,12.4380000,0.0230000,-0.0230000,"12.438&plusmn;0.023",12.4760000,0.0230000,-0.0230000,"12.476&plusmn;0.023",12.5130000,0.2770000,-0.2770000,"12.513&plusmn;0.277",9.5880000,,,"9.588",,,,,13.7397000,0.0002170,-0.0002170,"13.739700&plusmn;0.000217",13.3396000,0.0082000,-0.0082000,"13.3396&plusmn;0.0082",0,,"[Fe/H]",,13.804,,,"13.804",,,,,,,,,,,0.16252225015565333,-0.63145104660463824,0.75819264962557520,-419849693,,,,,,0.12891449,0.00588814,-0.00588814,0,"0.1289&plusmn;0.0059",1.44500000,0.06600000,-0.06600000,0,"1.445&plusmn;0.066",0.01116800,0.00053400,-0.00031700,0,"<div><span class="supersubNumber">0.011168</span><span class="superscript">+0.000534</span><span class="subscript">-0.000317</span></div>",,,,,,,,,,,"2024-12-05","2018-12","<a refstr=FULTON__AMP__PETIGURA_2018 href=https://ui.adsabs.harvard.edu/abs/2018AJ....156..264F/abstract target=ref>Fulton &amp; Petigura 2018</a>","2024-12-05",0,,,,,,,,,,,,,,,,,,,,,,,,,,,,,,,,,,,,,,,,,,,,,,,,,,,6015.00,60.00,-60.00,0,"6015&plusmn;60",0.1000,0.0400,-0.0400,0,"0.10&plusmn;0.04",,,,,,,,,,,,,,,,,,,,,3.5500,1.1300,-1.0900,0,"<div><span class="supersubNumber">3.55</span><span class="superscript">+1.13</span><span class="subscript">-1.09</span></div>",1.108000,0.035000,-0.033000,0,"<div><span class="supersubNumber">1.108</span><span class="superscript">+0.035</span><span class="subscript">-0.033</span></div>",0.670000,0.030000,-0.040000,0,"<div><span class="supersubNumber">0.67</span><span class="superscript">+0.03</span><span class="subscript">-0.04</span></div>",1.185000,0.031000,-0.030000,0,"<div><span class="supersubNumber">1.185</span><span class="superscript">+0.031</span><span class="subscript">-0.030</span></div>",0,0,1,0,0,0,0,0,0,0,"Published Candidate",1,8,0,0,0,0,0,0,0,0,0,5.4320160,0.0289553,-0.0289553,"5.4320160&plusmn;0.0289553",-4.3791700,0.0295063,-0.0295063,"-4.3791700&plusmn;0.0295063",-3.2139800,0.0279036,-0.0279036,"-3.2139800&plusmn;0.0279036",1.1500700,0.0149210,-0.0149210,"1.150070&plusmn;0.014921",848.25400000,10.81850000,-10.81850000,"848.2540&plusmn;10.8185",14.6040000,0.0090000,-0.0090000,"14.604&plusmn;0.009",13.8830000,0.0690000,-0.0690000,"13.883&plusmn;0.069",12.7900000,0.0290000,-0.0290000,"12.790&plusmn;0.029",12.5310000,0.0330000,-0.0330000,"12.531&plusmn;0.033",12.4820000,0.0240000,-0.0240000
"KOI-351 h","h","KOI-351",,,"TIC 267667295","Gaia DR2 2132193431285570304","Gaia DR3 2132193431285570304",0,"<a refstr=WEISS_ET_AL__2024 href=https://ui.adsabs.harvard.edu/abs/2024ApJS..270....8W/abstract target=ref>Weiss et al. 2024</a>","<a refstr=STASSUN_ET_AL__2019 href=https://ui.adsabs.harvard.edu/abs/2019AJ....158..138S/abstract target=ref>TICv8</a>","2014-01",2013,"Transit","Space","Kepler","Kepler CCD Array","0.95 m Kepler Telescope","<a refstr=CABRERA_ET_AL__2014 href=https://ui.adsabs.harvard.edu/abs/2014ApJ...781...18C/abstract target=ref> Cabrera et al. 2014 </a>",284.4334642,"18h57m44.03s",49.3051239,"+49d18m18.45s",79.26947,19.25567,300.32939,71.22769,331.60110810000,,,0,"331.6011081",,,,,,0.9702055452,,,0,"0.9702055452",,,,,,,,,,,0.000000,,,0,"0",,,,,,,,,,,,,,,,0.911829,0.136278,-0.136278,0,"0.91182867250&plusmn;0.13627757670",,,,,,,,,,,,,,,,"12.482&plusmn;0.024",,,,,,,,,,,,,,,,,12.4380000,0.0230000,-0.0230000,"12.438&plusmn;0.023",12.4760000,0.0230000,-0.0230000,"12.476&plusmn;0.023",12.5130000,0.2770000,-0.2770000,"12.513&plusmn;0.277",9.5880000,,,"9.588",,,,,13.7397000,0.0002170,-0.0002170,"13.739700&plusmn;0.000217",13.3396000,0.0082000,-0.0082000,"13.3396&plusmn;0.0082",0,,,,13.804,,,"13.804",,,,,,,,,,,0.16252225015565333,-0.63145104660463824,0.75819264962557520,-419849693,20.34113,2.88517,-2.88517,0,"20.341128&plusmn;2.885170",1.00383793,0.02729954,-0.02729954,0,"1.0038&plusmn;0.0273",11.25200000,0.30600000,-0.30600000,0,"11.252&plusmn;0.306",,,,,,,,,,,,,,,,"2024-02-21","2024-01","<a refstr=WEISS_ET_AL__2024 href=https://ui.adsabs.harvard.edu/abs/2024ApJS..270....8W/abstract target=ref>Weiss et al. 2024</a>","2024-02-21",0,,,,,,,,,,,,,,,,,,,,,,,,,,,,,,0.74174671,0.10520879,-0.10520879,0,"0.7417467148&plusmn;0.1052087853",235.74951940,33.43834060,-33.43834060,0,"235.7495194&plusmn;33.4383406","Msini",0.74174671,0.10520879,-0.10520879,0,"0.7417467148&plusmn;0.1052087853",235.74951940,33.43834060,-33.43834060,0,"235.7495194&plusmn;33.4383406",,,,,,,,,,,,,,,,,,,,,,,,,,,,,,,,,,,,1.108000,0.030500,-0.030500,0,"1.1080&plusmn;0.0305",,,,,,,,,,,1,0,1,1,0,0,0,0,0,0,"Published Confirmed",1,8,0,0,0,0,0,0,0,0,1,5.4320160,0.0289553,-0.0289553,"5.4320160&plusmn;0.0289553",-4.3791700,0.0295063,-0.0295063,"-4.3791700&plusmn;0.0295063",-3.2139800,0.0279036,-0.0279036,"-3.2139800&plusmn;0.0279036",1.1500700,0.0149210,-0.0149210,"1.150070&plusmn;0.014921",848.25400000,10.81850000,-10.81850000,"848.2540&plusmn;10.8185",14.6040000,0.0090000,-0.0090000,"14.604&plusmn;0.009",13.8830000,0.0690000,-0.0690000,"13.883&plusmn;0.069",12.7900000,0.0290000,-0.0290000,"12.790&plusmn;0.029",12.5310000,0.0330000,-0.0330000,"12.531&plusmn;0.033",12.4820000,0.0240000,-0.0240000
"KOI-351 h","h","KOI-351",,,"TIC 267667295","Gaia DR2 2132193431285570304","Gaia DR3 2132193431285570304",0,"<a refstr=Q1_Q8_KOI_TABLE href=https://exoplanetarchive.ipac.caltech.edu/docs/Kepler_KOI_docs.html target=ref>Q1-Q8 KOI Table</a>","<a refstr=STASSUN_ET_AL__2019 href=https://ui.adsabs.harvard.edu/abs/2019AJ....158..138S/abstract target=ref>TICv8</a>","2014-01",2013,"Transit","Space","Kepler","Kepler CCD Array","0.95 m Kepler Telescope","<a refstr=CABRERA_ET_AL__2014 href=https://ui.adsabs.harvard.edu/abs/2014ApJ...781...18C/abstract target=ref> Cabrera et al. 2014 </a>",284.4334642,"18h57m44.03s",49.3051239,"+49d18m18.45s",79.26947,19.25567,300.32939,71.22769,331.64300000000,0.00130000000,-0.00130000000,0,"331.643&plusmn;0.0013",,,,0,,0.9800000000,,,0,".98",89.95000,,,0,"89.95",,,,,,0.000000,,,0,"0",292.00,,,0,"292",,,,,,,,,0,,,,,,,0.82770000,,,0,"0.82770",2454973.47723000,0.00093000,-0.00093000,0,"2454973.47723&plusmn;0.00093",14.5403000,,,0,"14.5403","12.482&plusmn;0.024",,,,,,,,,,,,,,,,,12.4380000,0.0230000,-0.0230000,"12.438&plusmn;0.023",12.4760000,0.0230000,-0.0230000,"12.476&plusmn;0.023",12.5130000,0.2770000,-0.2770000,"12.513&plusmn;0.277",9.5880000,,,"9.588",,,,,13.7397000,0.0002170,-0.0002170,"13.739700&plusmn;0.000217",13.3396000,0.0082000,-0.0082000,"13.3396&plusmn;0.0082",0,"BJD",,,13.804,,,"13.804",,,,,,,,,,,0.16252225015565333,-0.63145104660463824,0.75819264962557520,-419849693,,,,,,0.87429894,0.37469955,-0.37469955,0,"<div><span class="supersubNumber">0.874</span><span class="superscript">+0.375</span><span class="subscript">-0.375</span></div>",9.80000000,4.20000000,-4.20000000,0,"9.8&plusmn;4.2",0.08333000,0.00057000,-0.00057000,0,"0.08333&plusmn;0.00057",180.000000,,,,,,,,,,"2013-10-28","2014-01-08","<a refstr=Q1_Q8_KOI_TABLE href=https://exoplanetarchive.ipac.caltech.edu/docs/Kepler_KOI_docs.html target=ref>Q1-Q8 KOI Table</a>","2013-10-28",0,13.000000,-13.000000,0,"180&plusmn;13",0.326000,0.100000,-0.100000,0,"0.326&plusmn;0.1",,,,,,,,,,,,,,,,,,,,,,,,,,,,,,,,,,,,,,,,,,6330.00,86.00,-86.00,0,"6330.00&plusmn;86.00",,,,0,,,,,,,,,,,,,,,,,4.430000,0.300000,-0.300000,0,"4.430&plusmn;0.300",0.5300,0.8800,-0.8800,0,"0.53&plusmn;0.88",1.140000,0.120000,-0.120000,0,"1.1400&plusmn;0.1200",,,,0,,1.070000,0.460000,-0.460000,0,"1.0700&plusmn;0.4600",1,0,1,1,0,0,0,0,0,0,"Kepler Project Candidate (q1_q8_koi)",1,8,0,0,0,0,0,0,0,0,1,5.4320160,0.0289553,-0.0289553,"5.4320160&plusmn;0.0289553",-4.3791700,0.0295063,-0.0295063,"-4.3791700&plusmn;0.0295063",-3.2139800,0.0279036,-0.0279036,"-3.2139800&plusmn;0.0279036",1.1500700,0.0149210,-0.0149210,"1.150070&plusmn;0.014921",848.25400000,10.81850000,-10.81850000,"848.2540&plusmn;10.8185",14.6040000,0.0090000,-0.0090000,"14.604&plusmn;0.009",13.8830000,0.0690000,-0.0690000,"13.883&plusmn;0.069",12.7900000,0.0290000,-0.0290000,"12.790&plusmn;0.029",12.5310000,0.0330000,-0.0330000,"12.531&plusmn;0.033",12.4820000,0.0240000,-0.0240000
"KOI-351 b","b","KOI-351",,,"TIC 267667295","Gaia DR2 2132193431285570304","Gaia DR3 2132193431285570304",0,"<a refstr=WEISS_ET_AL__2024 href=https://ui.adsabs.harvard.edu/abs/2024ApJS..270....8W/abstract target=ref>Weiss et al. 2024</a>","<a refstr=STASSUN_ET_AL__2019 href=https://ui.adsabs.harvard.edu/abs/2019AJ....158..138S/abstract target=ref>TICv8</a>","2014-01",2013,"Transit","Space","Kepler","Kepler CCD Array","0.95 m Kepler Telescope","<a refstr=CABRERA_ET_AL__2014 href=https://ui.adsabs.harvard.edu/abs/2014ApJ...781...18C/abstract target=ref> Cabrera et al. 2014 </a>",284.4334642,"18h57m44.03s",49.3051239,"+49d18m18.45s",79.26947,19.25567,300.32939,71.22769,7.00828076000,,,0,"7.00828076",,,,,,0.0741641627,,,0,"0.07416416275",,,,,,,,,,,0.000000,,,0,"0",,,,,,,,,,,,,,,,,,,,,,,,,,,,,,,,,,,,"12.482&plusmn;0.024",,,,,,,,,,,,,,,,,12.4380000,0.0230000,-0.0230000,"12.438&plusmn;0.023",12.4760000,0.0230000,-0.0230000,"12.476&plusmn;0.023",12.5130000,0.2770000,-0.2770000,"12.513&plusmn;0.277",9.5880000,,,"9.588",,,,,13.7397000,0.0002170,-0.0002170,"13.739700&plusmn;0.000217",13.3396000,0.0082000,-0.0082000,"13.3396&plusmn;0.0082",0,,,,13.804,,,"13.804",,,,,,,,,,,0.16252225015565333,-0.63145104660463824,0.75819264962557520,-419849693,,,,,,0.11597843,0.00579892,-0.00579892,0,"0.1160&plusmn;0.0058",1.30000000,0.06500000,-0.06500000,0,"1.300&plusmn;0.065",,,,,,,,,,,,,,,,"2024-02-21","2024-01","<a refstr=WEISS_ET_AL__2024 href=https://ui.adsabs.harvard.edu/abs/2024ApJS..270....8W/abstract target=ref>Weiss et al. 2024</a>","2024-02-21",0,,,,,,,,,,,,,,,,,,,,,,,,,,,,,,,,,,,,,,,,,,,,,,,,,,,,,,,,,,,,,,,,,,,,,,,,,,,,,,,,,,,,,,1.108000,0.030500,-0.030500,0,"1.1080&plusmn;0.0305",,,,,,,,,,,0,0,1,0,0,0,0,0,0,0,"Published Confirmed",1,8,0,0,0,0,0,0,0,0,0,5.4320160,0.0289553,-0.0289553,"5.4320160&plusmn;0.0289553",-4.3791700,0.0295063,-0.0295063,"-4.3791700&plusmn;0.0295063",-3.2139800,0.0279036,-0.0279036,"-3.2139800&plusmn;0.0279036",1.1500700,0.0149210,-0.0149210,"1.150070&plusmn;0.014921",848.25400000,10.81850000,-10.81850000,"848.2540&plusmn;10.8185",14.6040000,0.0090000,-0.0090000,"14.604&plusmn;0.009",13.8830000,0.0690000,-0.0690000,"13.883&plusmn;0.069",12.7900000,0.0290000,-0.0290000,"12.790&plusmn;0.029",12.5310000,0.0330000,-0.0330000,"12.531&plusmn;0.033",12.4820000,0.0240000,-0.0240000
"KOI-351 g","g","KOI-351",,,"TIC 267667295","Gaia DR2 2132193431285570304","Gaia DR3 2132193431285570304",0,"<a refstr=BERGER_ET_AL__2018 href=https://ui.adsabs.harvard.edu/abs/2018ApJ...866...99B/abstract target=ref>Berger et al. 2018</a>","<a refstr=STASSUN_ET_AL__2019 href=https://ui.adsabs.harvard.edu/abs/2019AJ....158..138S/abstract target=ref>TICv8</a>","2014-01",2013,"Transit","Space","Kepler","Kepler CCD Array","0.95 m Kepler Telescope","<a refstr=CABRERA_ET_AL__2014 href=https://ui.adsabs.harvard.edu/abs/2014ApJ...781...18C/abstract target=ref> Cabrera et al. 2014 </a>",284.4334642,"18h57m44.03s",49.3051239,"+49d18m18.45s",79.26947,19.25567,300.32939,71.22769,,,,,,,,,,,,,,,,,,,,,,,,,,,,,,,,,,,,,,,,,3.3870,0.1160,-0.1110,0,"<div><span class="supersubNumber">3.387</span><span class="superscript">+0.116</span><span class="subscript">-0.111</span></div>",,,,,,,,,,,,,,,,,,,,,"12.482&plusmn;0.024",,,,,,,,,,,,,,,,,12.4380000,0.0230000,-0.0230000,"12.438&plusmn;0.023",12.4760000,0.0230000,-0.0230000,"12.476&plusmn;0.023",12.5130000,0.2770000,-0.2770000,"12.513&plusmn;0.277",9.5880000,,,"9.588",,,,,13.7397000,0.0002170,-0.0002170,"13.739700&plusmn;0.000217",13.3396000,0.0082000,-0.0082000,"13.3396&plusmn;0.0082",0,,,,13.804,,,"13.804",,,,,,,,,,,0.16252225015565333,-0.63145104660463824,0.75819264962557520,-419849693,,,,,,0.69283611,0.03095727,-0.02917299,0,"<div><span class="supersubNumber">0.6928</span><span class="superscript">+0.0310</span><span class="subscript">-0.0292</span></div>",7.76600000,0.34700000,-0.32700000,0,"<div><span class="supersubNumber">7.766</span><span class="superscript">+0.347</span><span class="subscript">-0.327</span></div>",,,,,,,,,,,,,,,,"2018-09-04","2018-10","<a refstr=BERGER_ET_AL__2018 href=https://ui.adsabs.harvard.edu/abs/2018ApJ...866...99B/abstract target=ref>Berger et al. 2018</a>","2018-09-06",0,,,,,,,,,,,,,,,,,,,,,,,,,,,,,,,,,,,,,,,,,,,,,,,,,,,6015.00,120.00,-120.00,0,"6015&plusmn;120",,,,,,,,,,,,,,,,,,,,,,,,,,,,,,,,,,,,,,,,,1.211000,0.054000,-0.051000,0,"<div><span class="supersubNumber">1.211</span><span class="superscript">+0.054</span><span class="subscript">-0.051</span></div>",1,0,1,0,0,0,0,0,0,0,"Published Confirmed",1,8,0,0,0,0,0,0,0,0,0,5.4320160,0.0289553,-0.0289553,"5.4320160&plusmn;0.0289553",-4.3791700,0.0295063,-0.0295063,"-4.3791700&plusmn;0.0295063",-3.2139800,0.0279036,-0.0279036,"-3.2139800&plusmn;0.0279036",1.1500700,0.0149210,-0.0149210,"1.150070&plusmn;0.014921",848.25400000,10.81850000,-10.81850000,"848.2540&plusmn;10.8185",14.6040000,0.0090000,-0.0090000,"14.604&plusmn;0.009",13.8830000,0.0690000,-0.0690000,"13.883&plusmn;0.069",12.7900000,0.0290000,-0.0290000,"12.790&plusmn;0.029",12.5310000,0.0330000,-0.0330000,"12.531&plusmn;0.033",12.4820000,0.0240000,-0.0240000
"KOI-351 c","c","KOI-351",,,"TIC 267667295","Gaia DR2 2132193431285570304","Gaia DR3 2132193431285570304",0,"<a refstr=Q1_Q17_DR25_SUPPLEMENTAL_KOI_TABLE href=https://exoplanetarchive.ipac.caltech.edu/docs/Kepler_KOI_docs.html target=ref>Q1-Q17 DR25 Supplemental KOI Table</a>","<a refstr=STASSUN_ET_AL__2019 href=https://ui.adsabs.harvard.edu/abs/2019AJ....158..138S/abstract target=ref>TICv8</a>","2014-01",2013,"Transit","Space","Kepler","Kepler CCD Array","0.95 m Kepler Telescope","<a refstr=CABRERA_ET_AL__2014 href=https://ui.adsabs.harvard.edu/abs/2014ApJ...781...18C/abstract target=ref> Cabrera et al. 2014 </a>",284.4334642,"18h57m44.03s",49.3051239,"+49d18m18.45s",79.26947,19.25567,300.32939,71.22769,8.71980135000,0.00002988000,-0.00002988000,0,"8.71980135&plusmn;2.988e-05",,,,0,,,,,0,,,,,0,,,,,,,,,,0,,,,,0,,,,,,,,,,0,,,,,,,,,,0,,2454972.52134000,0.00269000,-0.00269000,0,"2454972.521&plusmn;0.00269",,,,0,,"12.482&plusmn;0.024",,,,,,,,,,,,,,,,,12.4380000,0.0230000,-0.0230000,"12.438&plusmn;0.023",12.4760000,0.0230000,-0.0230000,"12.476&plusmn;0.023",12.5130000,0.2770000,-0.2770000,"12.513&plusmn;0.277",9.5880000,,,"9.588",,,,,13.7397000,0.0002170,-0.0002170,"13.739700&plusmn;0.000217",13.3396000,0.0082000,-0.0082000,"13.3396&plusmn;0.0082",0,"BJD","[M/H]",,13.804,,,"13.804",,,,,,,,,,,0.16252225015565333,-0.63145104660463824,0.75819264962557520,-419849693,,,,,,,,,,,,,,0,,,,,0,,,,,,,,,,,,"2018-09-25","2018-08-16","<a refstr=STASSUN_ET_AL__2019 href=https://ui.adsabs.harvard.edu/abs/2019AJ....158..138S/abstract target=ref>TICv8</a>","2018-09-25",0,,,0,,,,,0,,,,,,,,,,,,,,,,,,,,,,,,,,,,,,,,,,,,,,,,,,,6031.13,34.68,-34.68,0,"6031.13&plusmn;34.68",0.0830,0.0330,-0.0330,0,"0.0830&plusmn;0.0330",,,,,,,,,,,0.26853,,,0,"0.2685314",4.295040,,,0,"4.29504",,,,,,1.120000,,,0,"1.12",0.812869,,,0,"0.8128692",1.247730,,,0,"1.24773",0,0,1,0,0,0,0,0,0,0,"Kepler Project Candidate (q1_q17_dr25_sup_koi)",1,8,0,0,0,0,0,0,0,0,0,5.4320160,0.0289553,-0.0289553,"5.4320160&plusmn;0.0289553",-4.3791700,0.0295063,-0.0295063,"-4.3791700&plusmn;0.0295063",-3.2139800,0.0279036,-0.0279036,"-3.2139800&plusmn;0.0279036",1.1500700,0.0149210,-0.0149210,"1.150070&plusmn;0.014921",848.25400000,10.81850000,-10.81850000,"848.2540&plusmn;10.8185",14.6040000,0.0090000,-0.0090000,"14.604&plusmn;0.009",13.8830000,0.0690000,-0.0690000,"13.883&plusmn;0.069",12.7900000,0.0290000,-0.0290000,"12.790&plusmn;0.029",12.5310000,0.0330000,-0.0330000,"12.531&plusmn;0.033",12.4820000,0.0240000,-0.0240000
"Kepler-90 i","i","KOI-351",,,"TIC 267667295","Gaia DR2 2132193431285570304","Gaia DR3 2132193431285570304",1,"<a refstr=SHALLUE__AMP__VANDERBURG_2018 href=https://ui.adsabs.harvard.edu/abs/2018AJ....155...94S/abstract target=ref>Shallue &amp; Vanderburg 2018</a>","<a refstr=STASSUN_ET_AL__2019 href=https://ui.adsabs.harvard.edu/abs/2019AJ....158..138S/abstract target=ref>TICv8</a>","2018-02",2017,"Transit","Space","Kepler","Kepler CCD Array","0.95 m Kepler Telescope","<a refstr=SHALLUE__AMP__VANDERBURG_2018 href=https://ui.adsabs.harvard.edu/abs/2018AJ....155...94S/abstract target=ref>Shallue &amp; Vanderburg 2018</a>",284.4334642,"18h57m44.03s",49.3051239,"+49d18m18.45s",79.26947,19.25567,300.32939,71.22769,14.44912000000,0.00020000000,-0.00020000000,0,"14.44912&plusmn;0.00020",,,,,,,,,,,89.20000,0.59000,-1.30000,0,"<div><span class="supersubNumber">89.20</span><span class="superscript">+0.59</span><span class="subscript">-1.30</span></div>",,,,,,,,,,,709.00,75.00,-75.00,0,"709&plusmn;75",,,,,,,,,,,,,,,,,,,,,2455644.34880000,0.00480000,-0.00480000,0,"2455644.3488&plusmn;0.0048",2.8000000,0.3100000,-0.3100000,0,"2.80&plusmn;0.31","12.482&plusmn;0.024",,,,,,,,,,,,,,,,,12.4380000,0.0230000,-0.0230000,"12.438&plusmn;0.023",12.4760000,0.0230000,-0.0230000,"12.476&plusmn;0.023",12.5130000,0.2770000,-0.2770000,"12.513&plusmn;0.277",9.5880000,,,"9.588",,,,,13.7397000,0.0002170,-0.0002170,"13.739700&plusmn;0.000217",13.3396000,0.0082000,-0.0082000,"13.3396&plusmn;0.0082",0,"BJD-TDB","[M/H]",,13.804,,,"13.804",,,,,,,,,,,0.16252225015565333,-0.63145104660463824,0.75819264962557520,-419849693,,,,,,0.11776251,0.01873495,-0.01873495,0,"0.118&plusmn;0.019",1.32000000,0.21000000,-0.21000000,0,"1.32&plusmn;0.21",0.00935000,0.00089000,-0.00089000,0,"0.009350&plusmn;0.000890",33.800000,,,,,,,,,,"2017-12-12","2018-02","<a refstr=SHALLUE__AMP__VANDERBURG_2018 href=https://ui.adsabs.harvard.edu/abs/2018AJ....155...94S/abstract target=ref>Shallue &amp; Vanderburg 2018</a>","2017-12-14",0,6.600000,-12.000000,0,"<div><span class="supersubNumber">33.8</span><span class="superscript">+6.6</span><span class="subscript">-12.0</span></div>",0.500000,0.280000,-0.280000,0,"0.50&plusmn;0.28",,,,,,,,,,,,,,,,,,,,,,,,,,,,,,,,,,,,,,,,,,6015.00,60.00,-60.00,0,"6015&plusmn;60",0.0980,0.0400,-0.0400,0,"0.0980&plusmn;0.0400",,,,,,,,,,,,,,,,4.270000,0.100000,-0.100000,0,"4.27&plusmn;0.10",,,,,,1.120000,0.046000,-0.046000,0,"1.120&plusmn;0.046",,,,,,1.290000,0.167000,-0.167000,0,"1.290&plusmn;0.167",0,0,1,0,0,0,0,0,0,0,"Published Confirmed",1,8,0,0,0,0,0,0,0,0,0,5.4320160,0.0289553,-0.0289553,"5.4320160&plusmn;0.0289553",-4.3791700,0.0295063,-0.0295063,"-4.3791700&plusmn;0.0295063",-3.2139800,0.0279036,-0.0279036,"-3.2139800&plusmn;0.0279036",1.1500700,0.0149210,-0.0149210,"1.150070&plusmn;0.014921",848.25400000,10.81850000,-10.81850000,"848.2540&plusmn;10.8185",14.6040000,0.0090000,-0.0090000,"14.604&plusmn;0.009",13.8830000,0.0690000,-0.0690000,"13.883&plusmn;0.069",12.7900000,0.0290000,-0.0290000,"12.790&plusmn;0.029",12.5310000,0.0330000,-0.0330000,"12.531&plusmn;0.033",12.4820000,0.0240000,-0.0240000
"KOI-351 h","h","KOI-351",,,"TIC 267667295","Gaia DR2 2132193431285570304","Gaia DR3 2132193431285570304",0,"<a refstr=Q1_Q17_DR25_KOI_TABLE href=https://exoplanetarchive.ipac.caltech.edu/docs/Kepler_KOI_docs.html target=ref>Q1-Q17 DR25 KOI Table</a>","<a refstr=STASSUN_ET_AL__2019 href=https://ui.adsabs.harvard.edu/abs/2019AJ....158..138S/abstract target=ref>TICv8</a>","2014-01",2013,"Transit","Space","Kepler","Kepler CCD Array","0.95 m Kepler Telescope","<a refstr=CABRERA_ET_AL__2014 href=https://ui.adsabs.harvard.edu/abs/2014ApJ...781...18C/abstract target=ref> Cabrera et al. 2014 </a>",284.4334642,"18h57m44.03s",49.3051239,"+49d18m18.45s",79.26947,19.25567,300.32939,71.22769,331.59727320000,0.00024590000,-0.00024590000,0,"331.5972732&plusmn;0.0002459",,,,0,,0.9654000000,,,0,".9654",89.99000,,,0,"89.99",,,,,,0.000000,,,0,"0",294.00,,,0,"294",,,,,,1.7600,0.7900,-0.5500,0,"<div><span class="supersubNumber">1.76</span> <span class="superscript">+0.79</span><span class="subscript">-0.55</span> </div>",,,,,,0.83221000,0.00253000,-0.00253000,0,"0.83221&plusmn0.00253",2454973.49892900,0.00058600,-0.00058600,0,"2454973.499&plusmn;0.000586",14.4040000,0.0319000,-0.0319000,0,"14.404&plusmn;0.0319","12.482&plusmn;0.024",,,,,,,,,,,,,,,,,12.4380000,0.0230000,-0.0230000,"12.438&plusmn;0.023",12.4760000,0.0230000,-0.0230000,"12.476&plusmn;0.023",12.5130000,0.2770000,-0.2770000,"12.513&plusmn;0.277",9.5880000,,,"9.588",,,,,13.7397000,0.0002170,-0.0002170,"13.739700&plusmn;0.000217",13.3396000,0.0082000,-0.0082000,"13.3396&plusmn;0.0082",0,"BJD","[Fe/H]",,13.804,,,"13.804",,,,,,,,,,,0.16252225015565333,-0.63145104660463824,0.75819264962557520,-419849693,,,,,,0.97154240,0.15790910,-0.12936056,0,"<div><span class="supersubNumber">0.972</span><span class="superscript">+0.158</span><span class="subscript">-0.129</span></div>",10.89000000,1.77000000,-1.45000000,0,"<div><span class="supersubNumber">10.89</span> <span class="superscript">+1.77</span><span class="subscript">-1.45</span> </div>",0.08311500,0.00030200,-0.00012400,0,"<div><span class="supersubNumber">0.083115</span> <span class="superscript">+0.000302</span><span class="subscript">-0.000124</span> </div>",190.456000,,,,,,,,,,"2017-05-08","2017-08-31 00:00","<a refstr=Q1_Q17_DR25_KOI_TABLE href=https://exoplanetarchive.ipac.caltech.edu/docs/Kepler_KOI_docs.html target=ref>Q1-Q17 DR25 KOI Table</a>","2017-05-08",0,0.450000,-0.450000,0,"190.456&plusmn;0.45",0.020000,0.136000,-0.020000,0,"<div><span class="supersubNumber">0.02</span> <span class="superscript">+0.136</span><span class="subscript">-0.02</span> </div>",,,,,,,,,,,,,,,,,,,,,,,,,,,,,,,,,,,,,,,,,,5970.00,107.00,-131.00,0,"<div><span class="supersubNumber">5970</span> <span class="superscript">+107</span><span class="subscript">-131</span> </div>",0.1000,0.1500,-0.1500,0,"0.1&plusmn;0.15",,,,,,,,,,,,,,,,4.317000,0.110000,-0.121000,0,"<div><span class="supersubNumber">4.317</span> <span class="superscript">+0.11</span><span class="subscript">-0.121</span> </div>",,,,0,,1.089000,0.089000,-0.080000,0,"<div><span class="supersubNumber">1.089</span> <span class="superscript">+0.089</span><span class="subscript">-0.08</span> </div>",1.188550,0.002810,-0.053020,0,"<div><span class="supersubNumber">1.18855</span> <span class="superscript">+0.00281</span><span class="subscript">-0.05302</span> </div>",1.200000,0.195000,-0.160000,0,"<div><span class="supersubNumber">1.2</span> <span class="superscript">+0.195</span><span class="subscript">-0.16</span> </div>",1,0,1,1,0,0,0,0,0,0,"Kepler Project Candidate (q1_q17_dr25_koi)",1,8,0,0,0,0,0,0,0,0,1,5.4320160,0.0289553,-0.0289553,"5.4320160&plusmn;0.0289553",-4.3791700,0.0295063,-0.0295063,"-4.3791700&plusmn;0.0295063",-3.2139800,0.0279036,-0.0279036,"-3.2139800&plusmn;0.0279036",1.1500700,0.0149210,-0.0149210,"1.150070&plusmn;0.014921",848.25400000,10.81850000,-10.81850000,"848.2540&plusmn;10.8185",14.6040000,0.0090000,-0.0090000,"14.604&plusmn;0.009",13.8830000,0.0690000,-0.0690000,"13.883&plusmn;0.069",12.7900000,0.0290000,-0.0290000,"12.790&plusmn;0.029",12.5310000,0.0330000,-0.0330000,"12.531&plusmn;0.033",12.4820000,0.0240000,-0.0240000
"KOI-351 e","e","KOI-351",,,"TIC 267667295","Gaia DR2 2132193431285570304","Gaia DR3 2132193431285570304",0,"<a refstr=Q1_Q12_KOI_TABLE href=https://exoplanetarchive.ipac.caltech.edu/docs/Kepler_KOI_docs.html target=ref>Q1-Q12 KOI Table</a>","<a refstr=STASSUN_ET_AL__2019 href=https://ui.adsabs.harvard.edu/abs/2019AJ....158..138S/abstract target=ref>TICv8</a>","2014-01",2013,"Transit","Space","Kepler","Kepler CCD Array","0.95 m Kepler Telescope","<a refstr=CABRERA_ET_AL__2014 href=https://ui.adsabs.harvard.edu/abs/2014ApJ...781...18C/abstract target=ref> Cabrera et al. 2014 </a>",284.4334642,"18h57m44.03s",49.3051239,"+49d18m18.45s",79.26947,19.25567,300.32939,71.22769,91.94046030000,0.00058640000,-0.00058640000,0,"91.9404603&plusmn;0.0005864",,,,0,,0.3945000000,,,0,".3945",89.95000,,,0,"89.95",,,,,,0.000000,,,0,"0",450.00,,,0,"450",,,,,,9.6700,11.3800,-3.4100,0,"<div><span class="supersubNumber">9.67</span> <span class="superscript">+11.38</span><span class="subscript">-3.41</span> </div>",,,,,,0.04785000,0.00162000,-0.00162000,0,"0.04785&plusmn0.00162",2454967.29878000,0.00525000,-0.00525000,0,"2454967.299&plusmn;0.00525",9.0450000,0.1460000,-0.1460000,0,"9.045&plusmn;0.146","12.482&plusmn;0.024",,,,,,,,,,,,,,,,,12.4380000,0.0230000,-0.0230000,"12.438&plusmn;0.023",12.4760000,0.0230000,-0.0230000,"12.476&plusmn;0.023",12.5130000,0.2770000,-0.2770000,"12.513&plusmn;0.277",9.5880000,,,"9.588",,,,,13.7397000,0.0002170,-0.0002170,"13.739700&plusmn;0.000217",13.3396000,0.0082000,-0.0082000,"13.3396&plusmn;0.0082",0,"BJD","[Fe/H]",,13.804,,,"13.804",,,,,,,,,,,0.16252225015565333,-0.63145104660463824,0.75819264962557520,-419849693,,,,,,0.20697689,0.08029276,-0.02765640,0,"<div><span class="supersubNumber">0.207</span><span class="superscript">+0.080</span><span class="subscript">-0.028</span></div>",2.32000000,0.90000000,-0.31000000,0,"<div><span class="supersubNumber">2.32</span> <span class="superscript">+0.9</span><span class="subscript">-0.31</span> </div>",0.02017200,0.00055300,-0.00045700,0,"<div><span class="supersubNumber">0.020172</span> <span class="superscript">+0.000553</span><span class="subscript">-0.000457</span> </div>",78.220000,,,,,,,,,,"2014-11-18","2014-12-04","<a refstr=Q1_Q12_KOI_TABLE href=https://exoplanetarchive.ipac.caltech.edu/docs/Kepler_KOI_docs.html target=ref>Q1-Q12 KOI Table</a>","2014-11-18",0,8.900000,-8.900000,0,"78.22&plusmn;8.9",0.161900,0.263000,-0.161800,0,"<div><span class="supersubNumber">0.1619</span> <span class="superscript">+0.263</span><span class="subscript">-0.1618</span> </div>",,,,,,,,,,,,,,,,,,,,,,,,,,,,,,,,,,,,,,,,,,6238.00,195.00,-227.00,0,"<div><span class="supersubNumber">6238.00</span> <span class="superscript">+195.00</span><span class="subscript">-227.00</span> </div>",-0.4000,0.2800,-0.3000,0,"<div><span class="supersubNumber">-0.400</span> <span class="superscript">+0.280</span><span class="subscript">-0.300</span> </div>",,,,,,,,,,,,,,,,4.378000,0.099000,-0.264000,0,"<div><span class="supersubNumber">4.378</span> <span class="superscript">+0.099</span><span class="subscript">-0.264</span> </div>",,,,0,,0.967000,0.144000,-0.112000,0,"<div><span class="supersubNumber">0.9670</span> <span class="superscript">+0.1440</span><span class="subscript">-0.1120</span> </div>",1.071060,0.121700,-0.258430,0,"<div><span class="supersubNumber">1.07106</span> <span class="superscript">+0.12170</span><span class="subscript">-0.25843</span> </div>",1.054000,0.408000,-0.141000,0,"<div><span class="supersubNumber">1.0540</span> <span class="superscript">+0.4080</span><span class="subscript">-0.1410</span> </div>",0,0,1,0,0,0,0,0,0,0,"Kepler Project Candidate (q1_q12_koi)",1,8,0,0,0,0,0,0,0,0,0,5.4320160,0.0289553,-0.0289553,"5.4320160&plusmn;0.0289553",-4.3791700,0.0295063,-0.0295063,"-4.3791700&plusmn;0.0295063",-3.2139800,0.0279036,-0.0279036,"-3.2139800&plusmn;0.0279036",1.1500700,0.0149210,-0.0149210,"1.150070&plusmn;0.014921",848.25400000,10.81850000,-10.81850000,"848.2540&plusmn;10.8185",14.6040000,0.0090000,-0.0090000,"14.604&plusmn;0.009",13.8830000,0.0690000,-0.0690000,"13.883&plusmn;0.069",12.7900000,0.0290000,-0.0290000,"12.790&plusmn;0.029",12.5310000,0.0330000,-0.0330000,"12.531&plusmn;0.033",12.4820000,0.0240000,-0.0240000
"KOI-351 d","d","KOI-351",,,"TIC 267667295","Gaia DR2 2132193431285570304","Gaia DR3 2132193431285570304",0,"<a refstr=GAJDO_SCARON__ET_AL__2019 href=https://ui.adsabs.harvard.edu/abs/2019RAA....19...41G/abstract target=ref>Gajdo&scaron; et al. 2019</a>","<a refstr=STASSUN_ET_AL__2019 href=https://ui.adsabs.harvard.edu/abs/2019AJ....158..138S/abstract target=ref>TICv8</a>","2014-01",2013,"Transit","Space","Kepler","Kepler CCD Array","0.95 m Kepler Telescope","<a refstr=CABRERA_ET_AL__2014 href=https://ui.adsabs.harvard.edu/abs/2014ApJ...781...18C/abstract target=ref> Cabrera et al. 2014 </a>",284.4334642,"18h57m44.03s",49.3051239,"+49d18m18.45s",79.26947,19.25567,300.32939,71.22769,59.73679189850,0.00032196290,-0.00032196290,0,"59.7367918985&plusmn;0.0003219629",,,,,,,,,,,,,,,,,,,,,,,,,,,,,,,,,,,,,,,,,,,,,,,,,,,2454991.96293000,0.00412638,-0.00412638,0,"2454991.96293000&plusmn;0.00412638",,,,,,"12.482&plusmn;0.024",,,,,,,,,,,,,,,,,12.4380000,0.0230000,-0.0230000,"12.438&plusmn;0.023",12.4760000,0.0230000,-0.0230000,"12.476&plusmn;0.023",12.5130000,0.2770000,-0.2770000,"12.513&plusmn;0.277",9.5880000,,,"9.588",,,,,13.7397000,0.0002170,-0.0002170,"13.739700&plusmn;0.000217",13.3396000,0.0082000,-0.0082000,"13.3396&plusmn;0.0082",0,"BJD","[M/H]",,13.804,,,"13.804",,,,,,,,,,,0.16252225015565333,-0.63145104660463824,0.75819264962557520,-419849693,,,,,,,,,,,,,,,,,,,,,,,,,,,,,,,"2019-04-16","2019-03","<a refstr=STASSUN_ET_AL__2019 href=https://ui.adsabs.harvard.edu/abs/2019AJ....158..138S/abstract target=ref>TICv8</a>","2019-04-18",0,,,,,,,,,,,,,,,,,,,,,,,,,,,,,,,,,,,,,,,,,,,,,,,,,,,6031.13,34.68,-34.68,0,"6031.13&plusmn;34.68",0.0830,0.0330,-0.0330,0,"0.0830&plusmn;0.0330",,,,,,,,,,,0.26853,,,0,"0.2685314",4.295040,,,0,"4.29504",,,,,,1.120000,,,0,"1.12",0.812869,,,0,"0.8128692",1.247730,,,0,"1.24773",0,0,1,0,0,0,0,0,0,0,"Published Confirmed",1,8,0,0,0,0,0,0,0,0,0,5.4320160,0.0289553,-0.0289553,"5.4320160&plusmn;0.0289553",-4.3791700,0.0295063,-0.0295063,"-4.3791700&plusmn;0.0295063",-3.2139800,0.0279036,-0.0279036,"-3.2139800&plusmn;0.0279036",1.1500700,0.0149210,-0.0149210,"1.150070&plusmn;0.014921",848.25400000,10.81850000,-10.81850000,"848.2540&plusmn;10.8185",14.6040000,0.0090000,-0.0090000,"14.604&plusmn;0.009",13.8830000,0.0690000,-0.0690000,"13.883&plusmn;0.069",12.7900000,0.0290000,-0.0290000,"12.790&plusmn;0.029",12.5310000,0.0330000,-0.0330000,"12.531&plusmn;0.033",12.4820000,0.0240000,-0.0240000
"KOI-351 f","f","KOI-351",,,"TIC 267667295","Gaia DR2 2132193431285570304","Gaia DR3 2132193431285570304",0,"<a refstr=Q1_Q17_DR25_KOI_TABLE href=https://exoplanetarchive.ipac.caltech.edu/docs/Kepler_KOI_docs.html target=ref>Q1-Q17 DR25 KOI Table</a>","<a refstr=STASSUN_ET_AL__2019 href=https://ui.adsabs.harvard.edu/abs/2019AJ....158..138S/abstract target=ref>TICv8</a>","2014-01",2013,"Transit","Space","Kepler","Kepler CCD Array","0.95 m Kepler Telescope","<a refstr=CABRERA_ET_AL__2014 href=https://ui.adsabs.harvard.edu/abs/2014ApJ...781...18C/abstract target=ref> Cabrera et al. 2014 </a>",284.4334642,"18h57m44.03s",49.3051239,"+49d18m18.45s",79.26947,19.25567,300.32939,71.22769,124.92251600000,0.00281600000,-0.00281600000,0,"124.922516&plusmn;0.002816",,,,0,,0.5036000000,,,0,".5036",88.33000,,,0,"88.33",,,,,,0.000000,,,0,"0",407.00,,,0,"407",,,,,,6.4500,2.9200,-2.0100,0,"<div><span class="supersubNumber">6.45</span> <span class="superscript">+2.92</span><span class="subscript">-2.01</span> </div>",,,,,,0.04987000,0.00216000,-0.00216000,0,"0.04987&plusmn0.00216",2454962.72950000,0.02160000,-0.02160000,0,"2454962.729&plusmn;0.0216",11.9420000,0.4510000,-0.4510000,0,"11.942&plusmn;0.451","12.482&plusmn;0.024",,,,,,,,,,,,,,,,,12.4380000,0.0230000,-0.0230000,"12.438&plusmn;0.023",12.4760000,0.0230000,-0.0230000,"12.476&plusmn;0.023",12.5130000,0.2770000,-0.2770000,"12.513&plusmn;0.277",9.5880000,,,"9.588",,,,,13.7397000,0.0002170,-0.0002170,"13.739700&plusmn;0.000217",13.3396000,0.0082000,-0.0082000,"13.3396&plusmn;0.0082",0,"BJD","[Fe/H]",,13.804,,,"13.804",,,,,,,,,,,0.16252225015565333,-0.63145104660463824,0.75819264962557520,-419849693,,,,,,0.30065178,0.04906780,-0.04014638,0,"<div><span class="supersubNumber">0.301</span><span class="superscript">+0.049</span><span class="subscript">-0.040</span></div>",3.37000000,0.55000000,-0.45000000,0,"<div><span class="supersubNumber">3.37</span> <span class="superscript">+0.55</span><span class="subscript">-0.45</span> </div>",0.02573800,0.00361000,-0.00553100,0,"<div><span class="supersubNumber">0.025738</span> <span class="superscript">+0.00361</span><span class="subscript">-0.005531</span> </div>",32.300000,,,,,,,,,,"2017-05-08","2017-08-31 00:00","<a refstr=Q1_Q17_DR25_KOI_TABLE href=https://exoplanetarchive.ipac.caltech.edu/docs/Kepler_KOI_docs.html target=ref>Q1-Q17 DR25 KOI Table</a>","2017-05-08",0,16.000000,-16.000000,0,"32.3&plusmn;16",0.943000,0.028000,-0.645000,0,"<div><span class="supersubNumber">0.943</span> <span class="superscript">+0.028</span><span class="subscript">-0.645</span> </div>",,,,,,,,,,,,,,,,,,,,,,,,,,,,,,,,,,,,,,,,,,5970.00,107.00,-131.00,0,"<div><span class="supersubNumber">5970</span> <span class="superscript">+107</span><span class="subscript">-131</span> </div>",0.1000,0.1500,-0.1500,0,"0.1&plusmn;0.15",,,,,,,,,,,,,,,,4.317000,0.110000,-0.121000,0,"<div><span class="supersubNumber">4.317</span> <span class="superscript">+0.11</span><span class="subscript">-0.121</span> </div>",,,,0,,1.089000,0.089000,-0.080000,0,"<div><span class="supersubNumber">1.089</span> <span class="superscript">+0.089</span><span class="subscript">-0.08</span> </div>",0.040720,0.746730,-0.023040,0,"<div><span class="supersubNumber">0.04072</span> <span class="superscript">+0.74673</span><span class="subscript">-0.02304</span> </div>",1.200000,0.195000,-0.160000,0,"<div><span class="supersubNumber">1.2</span> <span class="superscript">+0.195</span><span class="subscript">-0.16</span> </div>",0,0,1,0,0,0,0,0,0,0,"Kepler Project Candidate (q1_q17_dr25_koi)",1,8,0,0,0,0,0,0,0,0,0,5.4320160,0.0289553,-0.0289553,"5.4320160&plusmn;0.0289553",-4.3791700,0.0295063,-0.0295063,"-4.3791700&plusmn;0.0295063",-3.2139800,0.0279036,-0.0279036,"-3.2139800&plusmn;0.0279036",1.1500700,0.0149210,-0.0149210,"1.150070&plusmn;0.014921",848.25400000,10.81850000,-10.81850000,"848.2540&plusmn;10.8185",14.6040000,0.0090000,-0.0090000,"14.604&plusmn;0.009",13.8830000,0.0690000,-0.0690000,"13.883&plusmn;0.069",12.7900000,0.0290000,-0.0290000,"12.790&plusmn;0.029",12.5310000,0.0330000,-0.0330000,"12.531&plusmn;0.033",12.4820000,0.0240000,-0.0240000
"KOI-351 h","h","KOI-351",,,"TIC 267667295","Gaia DR2 2132193431285570304","Gaia DR3 2132193431285570304",0,"<a refstr=FULTON__AMP__PETIGURA_2018 href=https://ui.adsabs.harvard.edu/abs/2018AJ....156..264F/abstract target=ref>Fulton &amp; Petigura 2018</a>","<a refstr=STASSUN_ET_AL__2019 href=https://ui.adsabs.harvard.edu/abs/2019AJ....158..138S/abstract target=ref>TICv8</a>","2014-01",2013,"Transit","Space","Kepler","Kepler CCD Array","0.95 m Kepler Telescope","<a refstr=CABRERA_ET_AL__2014 href=https://ui.adsabs.harvard.edu/abs/2014ApJ...781...18C/abstract target=ref> Cabrera et al. 2014 </a>",284.4334642,"18h57m44.03s",49.3051239,"+49d18m18.45s",79.26947,19.25567,300.32939,71.22769,331.60110810000,0.00071160000,-0.00071160000,0,"331.601108100&plusmn;0.000711600",,,,,,0.9706200000,0.0098600000,-0.0098600000,0,"0.97062&plusmn;0.00986",,,,,,,,,,,,,,,,,,,,,,,,,,1.7000,0.1000,-0.1000,0,"1.7&plusmn;0.1",,,,,,,,,,,,,,,,,,,,,"12.482&plusmn;0.024",,,,,,,,,,,,,,,,,12.4380000,0.0230000,-0.0230000,"12.438&plusmn;0.023",12.4760000,0.0230000,-0.0230000,"12.476&plusmn;0.023",12.5130000,0.2770000,-0.2770000,"12.513&plusmn;0.277",9.5880000,,,"9.588",,,,,13.7397000,0.0002170,-0.0002170,"13.739700&plusmn;0.000217",13.3396000,0.0082000,-0.0082000,"13.3396&plusmn;0.0082",0,,"[Fe/H]",,13.804,,,"13.804",,,,,,,,,,,0.16252225015565333,-0.63145104660463824,0.75819264962557520,-419849693,,,,,,1.00383793,0.02729954,-0.02729954,0,"1.0038&plusmn;0.0273",11.25200000,0.30600000,-0.30600000,0,"11.252&plusmn;0.306",0.08693200,0.00036200,-0.00112300,0,"<div><span class="supersubNumber">0.086932</span><span class="superscript">+0.000362</span><span class="subscript">-0.001123</span></div>",,,,,,,,,,,"2024-12-05","2018-12","<a refstr=FULTON__AMP__PETIGURA_2018 href=https://ui.adsabs.harvard.edu/abs/2018AJ....156..264F/abstract target=ref>Fulton &amp; Petigura 2018</a>","2024-12-05",0,,,,,,,,,,,,,,,,,,,,,,,,,,,,,,,,,,,,,,,,,,,,,,,,,,,6015.00,60.00,-60.00,0,"6015&plusmn;60",0.1000,0.0400,-0.0400,0,"0.10&plusmn;0.04",,,,,,,,,,,,,,,,,,,,,3.5500,1.1300,-1.0900,0,"<div><span class="supersubNumber">3.55</span><span class="superscript">+1.13</span><span class="subscript">-1.09</span></div>",1.108000,0.035000,-0.033000,0,"<div><span class="supersubNumber">1.108</span><span class="superscript">+0.035</span><span class="subscript">-0.033</span></div>",0.670000,0.030000,-0.040000,0,"<div><span class="supersubNumber">0.67</span><span class="superscript">+0.03</span><span class="subscript">-0.04</span></div>",1.185000,0.031000,-0.030000,0,"<div><span class="supersubNumber">1.185</span><span class="superscript">+0.031</span><span class="subscript">-0.030</span></div>",1,0,1,1,0,0,0,0,0,0,"Published Candidate",1,8,0,0,0,0,0,0,0,0,1,5.4320160,0.0289553,-0.0289553,"5.4320160&plusmn;0.0289553",-4.3791700,0.0295063,-0.0295063,"-4.3791700&plusmn;0.0295063",-3.2139800,0.0279036,-0.0279036,"-3.2139800&plusmn;0.0279036",1.1500700,0.0149210,-0.0149210,"1.150070&plusmn;0.014921",848.25400000,10.81850000,-10.81850000,"848.2540&plusmn;10.8185",14.6040000,0.0090000,-0.0090000,"14.604&plusmn;0.009",13.8830000,0.0690000,-0.0690000,"13.883&plusmn;0.069",12.7900000,0.0290000,-0.0290000,"12.790&plusmn;0.029",12.5310000,0.0330000,-0.0330000,"12.531&plusmn;0.033",12.4820000,0.0240000,-0.0240000
"KOI-351 b","b","KOI-351",,,"TIC 267667295","Gaia DR2 2132193431285570304","Gaia DR3 2132193431285570304",0,"<a refstr=FULTON__AMP__PETIGURA_2018 href=https://ui.adsabs.harvard.edu/abs/2018AJ....156..264F/abstract target=ref>Fulton &amp; Petigura 2018</a>","<a refstr=STASSUN_ET_AL__2019 href=https://ui.adsabs.harvard.edu/abs/2019AJ....158..138S/abstract target=ref>TICv8</a>","2014-01",2013,"Transit","Space","Kepler","Kepler CCD Array","0.95 m Kepler Telescope","<a refstr=CABRERA_ET_AL__2014 href=https://ui.adsabs.harvard.edu/abs/2014ApJ...781...18C/abstract target=ref> Cabrera et al. 2014 </a>",284.4334642,"18h57m44.03s",49.3051239,"+49d18m18.45s",79.26947,19.25567,300.32939,71.22769,7.00828076000,0.00004397000,-0.00004397000,0,"7.008280760&plusmn;0.000043970",,,,,,0.0742000000,0.0007500000,-0.0007500000,0,"0.07420&plusmn;0.00075",,,,,,,,,,,,,,,,,,,,,,,,,,300.1000,20.6000,-20.6000,0,"300.1&plusmn;20.6",,,,,,,,,,,,,,,,,,,,,"12.482&plusmn;0.024",,,,,,,,,,,,,,,,,12.4380000,0.0230000,-0.0230000,"12.438&plusmn;0.023",12.4760000,0.0230000,-0.0230000,"12.476&plusmn;0.023",12.5130000,0.2770000,-0.2770000,"12.513&plusmn;0.277",9.5880000,,,"9.588",,,,,13.7397000,0.0002170,-0.0002170,"13.739700&plusmn;0.000217",13.3396000,0.0082000,-0.0082000,"13.3396&plusmn;0.0082",0,,"[Fe/H]",,13.804,,,"13.804",,,,,,,,,,,0.16252225015565333,-0.63145104660463824,0.75819264962557520,-419849693,,,,,,0.11597843,0.00579892,-0.00579892,0,"0.1160&plusmn;0.0058",1.30000000,0.06500000,-0.06500000,0,"1.300&plusmn;0.065",0.01003200,0.00046000,-0.00038300,0,"<div><span class="supersubNumber">0.010032</span><span class="superscript">+0.000460</span><span class="subscript">-0.000383</span></div>",,,,,,,,,,,"2024-12-05","2018-12","<a refstr=FULTON__AMP__PETIGURA_2018 href=https://ui.adsabs.harvard.edu/abs/2018AJ....156..264F/abstract target=ref>Fulton &amp; Petigura 2018</a>","2024-12-05",0,,,,,,,,,,,,,,,,,,,,,,,,,,,,,,,,,,,,,,,,,,,,,,,,,,,6015.00,60.00,-60.00,0,"6015&plusmn;60",0.1000,0.0400,-0.0400,0,"0.10&plusmn;0.04",,,,,,,,,,,,,,,,,,,,,3.5500,1.1300,-1.0900,0,"<div><span class="supersubNumber">3.55</span><span class="superscript">+1.13</span><span class="subscript">-1.09</span></div>",1.108000,0.035000,-0.033000,0,"<div><span class="supersubNumber">1.108</span><span class="superscript">+0.035</span><span class="subscript">-0.033</span></div>",0.670000,0.030000,-0.040000,0,"<div><span class="supersubNumber">0.67</span><span class="superscript">+0.03</span><span class="subscript">-0.04</span></div>",1.185000,0.031000,-0.030000,0,"<div><span class="supersubNumber">1.185</span><span class="superscript">+0.031</span><span class="subscript">-0.030</span></div>",0,0,1,0,0,0,0,0,0,0,"Published Candidate",1,8,0,0,0,0,0,0,0,0,0,5.4320160,0.0289553,-0.0289553,"5.4320160&plusmn;0.0289553",-4.3791700,0.0295063,-0.0295063,"-4.3791700&plusmn;0.0295063",-3.2139800,0.0279036,-0.0279036,"-3.2139800&plusmn;0.0279036",1.1500700,0.0149210,-0.0149210,"1.150070&plusmn;0.014921",848.25400000,10.81850000,-10.81850000,"848.2540&plusmn;10.8185",14.6040000,0.0090000,-0.0090000,"14.604&plusmn;0.009",13.8830000,0.0690000,-0.0690000,"13.883&plusmn;0.069",12.7900000,0.0290000,-0.0290000,"12.790&plusmn;0.029",12.5310000,0.0330000,-0.0330000,"12.531&plusmn;0.033",12.4820000,0.0240000,-0.0240000
"KOI-351 b","b","KOI-351",,,"TIC 267667295","Gaia DR2 2132193431285570304","Gaia DR3 2132193431285570304",0,"<a refstr=Q1_Q16_KOI_TABLE href=https://exoplanetarchive.ipac.caltech.edu/docs/Kepler_KOI_docs.html target=ref>Q1-Q16 KOI Table</a>","<a refstr=STASSUN_ET_AL__2019 href=https://ui.adsabs.harvard.edu/abs/2019AJ....158..138S/abstract target=ref>TICv8</a>","2014-01",2013,"Transit","Space","Kepler","Kepler CCD Array","0.95 m Kepler Telescope","<a refstr=CABRERA_ET_AL__2014 href=https://ui.adsabs.harvard.edu/abs/2014ApJ...781...18C/abstract target=ref> Cabrera et al. 2014 </a>",284.4334642,"18h57m44.03s",49.3051239,"+49d18m18.45s",79.26947,19.25567,300.32939,71.22769,7.00828076000,0.00004397000,-0.00004397000,0,"7.00828076&plusmn;4.397e-05",,,,0,,0.0709000000,,,0,".0709",89.95000,,,0,"89.95",,,,,,0.000000,,,0,"0",1061.00,,,0,"1061",,,,,,299.4900,352.2300,-105.7400,0,"<div><span class="supersubNumber">299.49</span> <span class="superscript">+352.23</span><span class="subscript">-105.74</span> </div>",,,,,,0.01186000,0.00076000,-0.00076000,0,"0.01186&plusmn0.00076",2454970.66899000,0.00482000,-0.00482000,0,"2454970.669&plusmn;0.00482",3.7110000,0.1530000,-0.1530000,0,"3.711&plusmn;0.153","12.482&plusmn;0.024",,,,,,,,,,,,,,,,,12.4380000,0.0230000,-0.0230000,"12.438&plusmn;0.023",12.4760000,0.0230000,-0.0230000,"12.476&plusmn;0.023",12.5130000,0.2770000,-0.2770000,"12.513&plusmn;0.277",9.5880000,,,"9.588",,,,,13.7397000,0.0002170,-0.0002170,"13.739700&plusmn;0.000217",13.3396000,0.0082000,-0.0082000,"13.3396&plusmn;0.0082",0,"BJD","[Fe/H]",,13.804,,,"13.804",,,,,,,,,,,0.16252225015565333,-0.63145104660463824,0.75819264962557520,-419849693,,,,,,0.10259630,0.04014638,-0.01338213,0,"<div><span class="supersubNumber">0.103</span><span class="superscript">+0.040</span><span class="subscript">-0.013</span></div>",1.15000000,0.45000000,-0.15000000,0,"<div><span class="supersubNumber">1.15</span> <span class="superscript">+0.45</span><span class="subscript">-0.15</span> </div>",0.01003200,0.00046000,-0.00038300,0,"<div><span class="supersubNumber">0.010032</span> <span class="superscript">+0.00046</span><span class="subscript">-0.000383</span> </div>",14.530000,,,,,,,,,,"2014-11-21","2014-12-18","<a refstr=Q1_Q16_KOI_TABLE href=https://exoplanetarchive.ipac.caltech.edu/docs/Kepler_KOI_docs.html target=ref>Q1-Q16 KOI Table</a>","2014-11-21",0,1.800000,-1.800000,0,"14.53&plusmn;1.8",0.083000,0.379800,-0.083000,0,"<div><span class="supersubNumber">0.083</span> <span class="superscript">+0.3798</span><span class="subscript">-0.083</span> </div>",,,,,,,,,,,,,,,,,,,,,,,,,,,,,,,,,,,,,,,,,,6238.00,195.00,-227.00,0,"<div><span class="supersubNumber">6238</span> <span class="superscript">+195</span><span class="subscript">-227</span> </div>",-0.4000,0.2800,-0.3000,0,"<div><span class="supersubNumber">-0.400</span> <span class="superscript">+0.280</span><span class="subscript">-0.300</span> </div>",,,,,,,,,,,,,,,,4.378000,0.099000,-0.264000,0,"<div><span class="supersubNumber">4.378</span> <span class="superscript">+0.099</span><span class="subscript">-0.264</span> </div>",,,,0,,0.967000,0.144000,-0.112000,0,"<div><span class="supersubNumber">0.967</span> <span class="superscript">+0.144</span><span class="subscript">-0.112</span> </div>",1.182340,0.148830,-0.471650,0,"<div><span class="supersubNumber">1.18234</span> <span class="superscript">+0.14883</span><span class="subscript">-0.47165</span> </div>",1.054000,0.408000,-0.141000,0,"<div><span class="supersubNumber">1.054</span> <span class="superscript">+0.408</span><span class="subscript">-0.141</span> </div>",0,0,1,0,0,0,0,0,0,0,"Kepler Project Candidate (q1_q16_koi)",1,8,0,0,0,0,0,0,0,0,0,5.4320160,0.0289553,-0.0289553,"5.4320160&plusmn;0.0289553",-4.3791700,0.0295063,-0.0295063,"-4.3791700&plusmn;0.0295063",-3.2139800,0.0279036,-0.0279036,"-3.2139800&plusmn;0.0279036",1.1500700,0.0149210,-0.0149210,"1.150070&plusmn;0.014921",848.25400000,10.81850000,-10.81850000,"848.2540&plusmn;10.8185",14.6040000,0.0090000,-0.0090000,"14.604&plusmn;0.009",13.8830000,0.0690000,-0.0690000,"13.883&plusmn;0.069",12.7900000,0.0290000,-0.0290000,"12.790&plusmn;0.029",12.5310000,0.0330000,-0.0330000,"12.531&plusmn;0.033",12.4820000,0.0240000,-0.0240000
"KOI-351 g","g","KOI-351",,,"TIC 267667295","Gaia DR2 2132193431285570304","Gaia DR3 2132193431285570304",0,"<a refstr=SANTERNE_ET_AL__2016 href=https://ui.adsabs.harvard.edu/abs/2016A&A...587A..64S/abstract target=ref>Santerne et al. 2016</a>","<a refstr=STASSUN_ET_AL__2019 href=https://ui.adsabs.harvard.edu/abs/2019AJ....158..138S/abstract target=ref>TICv8</a>","2014-01",2013,"Transit","Space","Kepler","Kepler CCD Array","0.95 m Kepler Telescope","<a refstr=CABRERA_ET_AL__2014 href=https://ui.adsabs.harvard.edu/abs/2014ApJ...781...18C/abstract target=ref> Cabrera et al. 2014 </a>",284.4334642,"18h57m44.03s",49.3051239,"+49d18m18.45s",79.26947,19.25567,300.32939,71.22769,210.60300000000,,,0,"210.603",,,,,,,,,,,,,,,,,,,,,,,,,,,,,,,,,,,,,,,,,,,,,,,,,,,,,,,,,,,,,"12.482&plusmn;0.024",,,,,,,,,,,,,,,,,12.4380000,0.0230000,-0.0230000,"12.438&plusmn;0.023",12.4760000,0.0230000,-0.0230000,"12.476&plusmn;0.023",12.5130000,0.2770000,-0.2770000,"12.513&plusmn;0.277",9.5880000,,,"9.588",,,,,13.7397000,0.0002170,-0.0002170,"13.739700&plusmn;0.000217",13.3396000,0.0082000,-0.0082000,"13.3396&plusmn;0.0082",0,,"[Fe/H]",,13.804,,,"13.804",,,,,,,,,,,0.16252225015565333,-0.63145104660463824,0.75819264962557520,-419849693,,,,,,0.72000000,0.07000000,-0.07000000,0,"0.72&plusmn;0.07",8.07048000,0.78463000,-0.78463000,0,"8.1&plusmn;0.8",0.06150000,0.00110000,-0.00110000,0,"0.06150&plusmn;0.00110",127.300000,,,,,,,,,,"2016-04-27","2016-03","<a refstr=SANTERNE_ET_AL__2016 href=https://ui.adsabs.harvard.edu/abs/2016A&A...587A..64S/abstract target=ref>Santerne et al. 2016</a>","2016-04-28",0,4.100000,-4.100000,0,"127.300&plusmn;4.100",,,,,,,,,,,,,,,,0.80000000,,,1,"&lt;0.8",254.26400000,,,1,"&lt;254",0.80000000,,,1,"&lt;0.8",254.26400000,,,1,"&lt;254","Mass",,,,,,,,,,,6080.00,260.00,-170.00,0,"<div><span class="supersubNumber">6080</span><span class="superscript">+260</span><span class="subscript">-170</span></div>",-0.1200,0.1800,-0.1800,0,"-0.12&plusmn;0.18",,,,,,,,,,,,,,,,,,,,,,,,,,1.200000,0.100000,-0.100000,0,"1.20&plusmn;0.10",,,,,,1.200000,0.100000,-0.100000,0,"1.20&plusmn;0.10",1,0,1,0,0,0,0,0,0,0,"Published Confirmed",1,8,0,0,0,0,0,0,0,0,0,5.4320160,0.0289553,-0.0289553,"5.4320160&plusmn;0.0289553",-4.3791700,0.0295063,-0.0295063,"-4.3791700&plusmn;0.0295063",-3.2139800,0.0279036,-0.0279036,"-3.2139800&plusmn;0.0279036",1.1500700,0.0149210,-0.0149210,"1.150070&plusmn;0.014921",848.25400000,10.81850000,-10.81850000,"848.2540&plusmn;10.8185",14.6040000,0.0090000,-0.0090000,"14.604&plusmn;0.009",13.8830000,0.0690000,-0.0690000,"13.883&plusmn;0.069",12.7900000,0.0290000,-0.0290000,"12.790&plusmn;0.029",12.5310000,0.0330000,-0.0330000,"12.531&plusmn;0.033",12.4820000,0.0240000,-0.0240000
"KOI-351 h","h","KOI-351",,,"TIC 267667295","Gaia DR2 2132193431285570304","Gaia DR3 2132193431285570304",0,"<a refstr=Q1_Q16_KOI_TABLE href=https://exoplanetarchive.ipac.caltech.edu/docs/Kepler_KOI_docs.html target=ref>Q1-Q16 KOI Table</a>","<a refstr=STASSUN_ET_AL__2019 href=https://ui.adsabs.harvard.edu/abs/2019AJ....158..138S/abstract target=ref>TICv8</a>","2014-01",2013,"Transit","Space","Kepler","Kepler CCD Array","0.95 m Kepler Telescope","<a refstr=CABRERA_ET_AL__2014 href=https://ui.adsabs.harvard.edu/abs/2014ApJ...781...18C/abstract target=ref> Cabrera et al. 2014 </a>",284.4334642,"18h57m44.03s",49.3051239,"+49d18m18.45s",79.26947,19.25567,300.32939,71.22769,331.60110810000,0.00071160000,-0.00071160000,0,"331.6011081&plusmn;0.0007116",,,,0,,0.9279000000,,,0,".9279",89.95000,,,0,"89.95",,,,,,0.000000,,,0,"0",293.00,,,0,"293",,,,,,1.7500,2.0500,-0.6200,0,"<div><span class="supersubNumber">1.75</span> <span class="superscript">+2.05</span><span class="subscript">-0.62</span> </div>",,,,,,0.83890000,0.00341000,-0.00341000,0,"0.83890&plusmn0.00341",2454973.49087000,0.00243000,-0.00243000,0,"2454973.491&plusmn;0.00243",14.7070000,0.1300000,-0.1300000,0,"14.707&plusmn;0.13","12.482&plusmn;0.024",,,,,,,,,,,,,,,,,12.4380000,0.0230000,-0.0230000,"12.438&plusmn;0.023",12.4760000,0.0230000,-0.0230000,"12.476&plusmn;0.023",12.5130000,0.2770000,-0.2770000,"12.513&plusmn;0.277",9.5880000,,,"9.588",,,,,13.7397000,0.0002170,-0.0002170,"13.739700&plusmn;0.000217",13.3396000,0.0082000,-0.0082000,"13.3396&plusmn;0.0082",0,"BJD","[Fe/H]",,13.804,,,"13.804",,,,,,,,,,,0.16252225015565333,-0.63145104660463824,0.75819264962557520,-419849693,,,,,,0.89303392,0.34525887,-0.11954700,0,"<div><span class="supersubNumber">0.893</span><span class="superscript">+0.345</span><span class="subscript">-0.120</span></div>",10.01000000,3.87000000,-1.34000000,0,"<div><span class="supersubNumber">10.01</span> <span class="superscript">+3.87</span><span class="subscript">-1.34</span> </div>",0.08693200,0.00036200,-0.00112300,0,"<div><span class="supersubNumber">0.086932</span> <span class="superscript">+0.000362</span><span class="subscript">-0.001123</span> </div>",161.600000,,,,,,,,,,"2014-11-21","2014-12-18","<a refstr=Q1_Q16_KOI_TABLE href=https://exoplanetarchive.ipac.caltech.edu/docs/Kepler_KOI_docs.html target=ref>Q1-Q16 KOI Table</a>","2014-11-21",0,21.800000,-21.800000,0,"161.6&plusmn;21.8",0.548500,0.041800,-0.070600,0,"<div><span class="supersubNumber">0.5485</span> <span class="superscript">+0.0418</span><span class="subscript">-0.0706</span> </div>",,,,,,,,,,,,,,,,,,,,,,,,,,,,,,,,,,,,,,,,,,6238.00,195.00,-227.00,0,"<div><span class="supersubNumber">6238</span> <span class="superscript">+195</span><span class="subscript">-227</span> </div>",-0.4000,0.2800,-0.3000,0,"<div><span class="supersubNumber">-0.400</span> <span class="superscript">+0.280</span><span class="subscript">-0.300</span> </div>",,,,,,,,,,,,,,,,4.378000,0.099000,-0.264000,0,"<div><span class="supersubNumber">4.378</span> <span class="superscript">+0.099</span><span class="subscript">-0.264</span> </div>",,,,0,,0.967000,0.144000,-0.112000,0,"<div><span class="supersubNumber">0.967</span> <span class="superscript">+0.144</span><span class="subscript">-0.112</span> </div>",0.726450,0.098060,-0.089180,0,"<div><span class="supersubNumber">0.72645</span> <span class="superscript">+0.09806</span><span class="subscript">-0.08918</span> </div>",1.054000,0.408000,-0.141000,0,"<div><span class="supersubNumber">1.054</span> <span class="superscript">+0.408</span><span class="subscript">-0.141</span> </div>",1,0,1,1,0,0,0,0,0,0,"Kepler Project Candidate (q1_q16_koi)",1,8,0,0,0,0,0,0,0,0,1,5.4320160,0.0289553,-0.0289553,"5.4320160&plusmn;0.0289553",-4.3791700,0.0295063,-0.0295063,"-4.3791700&plusmn;0.0295063",-3.2139800,0.0279036,-0.0279036,"-3.2139800&plusmn;0.0279036",1.1500700,0.0149210,-0.0149210,"1.150070&plusmn;0.014921",848.25400000,10.81850000,-10.81850000,"848.2540&plusmn;10.8185",14.6040000,0.0090000,-0.0090000,"14.604&plusmn;0.009",13.8830000,0.0690000,-0.0690000,"13.883&plusmn;0.069",12.7900000,0.0290000,-0.0290000,"12.790&plusmn;0.029",12.5310000,0.0330000,-0.0330000,"12.531&plusmn;0.033",12.4820000,0.0240000,-0.0240000
"KOI-351 g","g","KOI-351",,,"TIC 267667295","Gaia DR2 2132193431285570304","Gaia DR3 2132193431285570304",0,"<a refstr=Q1_Q17_DR25_SUPPLEMENTAL_KOI_TABLE href=https://exoplanetarchive.ipac.caltech.edu/docs/Kepler_KOI_docs.html target=ref>Q1-Q17 DR25 Supplemental KOI Table</a>","<a refstr=STASSUN_ET_AL__2019 href=https://ui.adsabs.harvard.edu/abs/2019AJ....158..138S/abstract target=ref>TICv8</a>","2014-01",2013,"Transit","Space","Kepler","Kepler CCD Array","0.95 m Kepler Telescope","<a refstr=CABRERA_ET_AL__2014 href=https://ui.adsabs.harvard.edu/abs/2014ApJ...781...18C/abstract target=ref> Cabrera et al. 2014 </a>",284.4334642,"18h57m44.03s",49.3051239,"+49d18m18.45s",79.26947,19.25567,300.32939,71.22769,210.60138430000,0.00023470000,-0.00023470000,0,"210.6013843&plusmn;0.0002347",,,,0,,,,,0,,,,,0,,,,,,,,,,0,,,,,0,,,,,,,,,,0,,,,,,,,,,0,,2454980.05686700,0.00088600,-0.00088600,0,"2454980.057&plusmn;0.000886",,,,0,,"12.482&plusmn;0.024",,,,,,,,,,,,,,,,,12.4380000,0.0230000,-0.0230000,"12.438&plusmn;0.023",12.4760000,0.0230000,-0.0230000,"12.476&plusmn;0.023",12.5130000,0.2770000,-0.2770000,"12.513&plusmn;0.277",9.5880000,,,"9.588",,,,,13.7397000,0.0002170,-0.0002170,"13.739700&plusmn;0.000217",13.3396000,0.0082000,-0.0082000,"13.3396&plusmn;0.0082",0,"BJD","[M/H]",,13.804,,,"13.804",,,,,,,,,,,0.16252225015565333,-0.63145104660463824,0.75819264962557520,-419849693,,,,,,,,,,,,,,0,,,,,0,,,,,,,,,,,,"2018-09-25","2018-08-16","<a refstr=STASSUN_ET_AL__2019 href=https://ui.adsabs.harvard.edu/abs/2019AJ....158..138S/abstract target=ref>TICv8</a>","2018-09-25",0,,,0,,,,,0,,,,,,,,,,,,,,,,,,,,,,,,,,,,,,,,,,,,,,,,,,,6031.13,34.68,-34.68,0,"6031.13&plusmn;34.68",0.0830,0.0330,-0.0330,0,"0.0830&plusmn;0.0330",,,,,,,,,,,0.26853,,,0,"0.2685314",4.295040,,,0,"4.29504",,,,,,1.120000,,,0,"1.12",0.812869,,,0,"0.8128692",1.247730,,,0,"1.24773",1,0,1,0,0,0,0,0,0,0,"Kepler Project Candidate (q1_q17_dr25_sup_koi)",1,8,0,0,0,0,0,0,0,0,0,5.4320160,0.0289553,-0.0289553,"5.4320160&plusmn;0.0289553",-4.3791700,0.0295063,-0.0295063,"-4.3791700&plusmn;0.0295063",-3.2139800,0.0279036,-0.0279036,"-3.2139800&plusmn;0.0279036",1.1500700,0.0149210,-0.0149210,"1.150070&plusmn;0.014921",848.25400000,10.81850000,-10.81850000,"848.2540&plusmn;10.8185",14.6040000,0.0090000,-0.0090000,"14.604&plusmn;0.009",13.8830000,0.0690000,-0.0690000,"13.883&plusmn;0.069",12.7900000,0.0290000,-0.0290000,"12.790&plusmn;0.029",12.5310000,0.0330000,-0.0330000,"12.531&plusmn;0.033",12.4820000,0.0240000,-0.0240000
"KOI-351 f","f","KOI-351",,,"TIC 267667295","Gaia DR2 2132193431285570304","Gaia DR3 2132193431285570304",0,"<a refstr=GAJDO_SCARON__ET_AL__2019 href=https://ui.adsabs.harvard.edu/abs/2019RAA....19...41G/abstract target=ref>Gajdo&scaron; et al. 2019</a>","<a refstr=STASSUN_ET_AL__2019 href=https://ui.adsabs.harvard.edu/abs/2019AJ....158..138S/abstract target=ref>TICv8</a>","2014-01",2013,"Transit","Space","Kepler","Kepler CCD Array","0.95 m Kepler Telescope","<a refstr=CABRERA_ET_AL__2014 href=https://ui.adsabs.harvard.edu/abs/2014ApJ...781...18C/abstract target=ref> Cabrera et al. 2014 </a>",284.4334642,"18h57m44.03s",49.3051239,"+49d18m18.45s",79.26947,19.25567,300.32939,71.22769,124.91349729000,0.00037797370,-0.00037797370,0,"124.9134972900&plusmn;0.0003779737",,,,,,,,,,,,,,,,,,,,,,,,,,,,,,,,,,,,,,,,,,,,,,,,,,,2455087.71013000,0.00334513,-0.00334513,0,"2455087.71013000&plusmn;0.00334513",,,,,,"12.482&plusmn;0.024",,,,,,,,,,,,,,,,,12.4380000,0.0230000,-0.0230000,"12.438&plusmn;0.023",12.4760000,0.0230000,-0.0230000,"12.476&plusmn;0.023",12.5130000,0.2770000,-0.2770000,"12.513&plusmn;0.277",9.5880000,,,"9.588",,,,,13.7397000,0.0002170,-0.0002170,"13.739700&plusmn;0.000217",13.3396000,0.0082000,-0.0082000,"13.3396&plusmn;0.0082",0,"BJD","[M/H]",,13.804,,,"13.804",,,,,,,,,,,0.16252225015565333,-0.63145104660463824,0.75819264962557520,-419849693,,,,,,,,,,,,,,,,,,,,,,,,,,,,,,,"2019-04-16","2019-03","<a refstr=STASSUN_ET_AL__2019 href=https://ui.adsabs.harvard.edu/abs/2019AJ....158..138S/abstract target=ref>TICv8</a>","2019-04-18",0,,,,,,,,,,,,,,,,,,,,,,,,,,,,,,,,,,,,,,,,,,,,,,,,,,,6031.13,34.68,-34.68,0,"6031.13&plusmn;34.68",0.0830,0.0330,-0.0330,0,"0.0830&plusmn;0.0330",,,,,,,,,,,0.26853,,,0,"0.2685314",4.295040,,,0,"4.29504",,,,,,1.120000,,,0,"1.12",0.812869,,,0,"0.8128692",1.247730,,,0,"1.24773",0,0,1,0,0,0,0,0,0,0,"Published Confirmed",1,8,0,0,0,0,0,0,0,0,0,5.4320160,0.0289553,-0.0289553,"5.4320160&plusmn;0.0289553",-4.3791700,0.0295063,-0.0295063,"-4.3791700&plusmn;0.0295063",-3.2139800,0.0279036,-0.0279036,"-3.2139800&plusmn;0.0279036",1.1500700,0.0149210,-0.0149210,"1.150070&plusmn;0.014921",848.25400000,10.81850000,-10.81850000,"848.2540&plusmn;10.8185",14.6040000,0.0090000,-0.0090000,"14.604&plusmn;0.009",13.8830000,0.0690000,-0.0690000,"13.883&plusmn;0.069",12.7900000,0.0290000,-0.0290000,"12.790&plusmn;0.029",12.5310000,0.0330000,-0.0330000,"12.531&plusmn;0.033",12.4820000,0.0240000,-0.0240000
"KOI-351 c","c","KOI-351",,,"TIC 267667295","Gaia DR2 2132193431285570304","Gaia DR3 2132193431285570304",0,"<a refstr=Q1_Q8_KOI_TABLE href=https://exoplanetarchive.ipac.caltech.edu/docs/Kepler_KOI_docs.html target=ref>Q1-Q8 KOI Table</a>","<a refstr=STASSUN_ET_AL__2019 href=https://ui.adsabs.harvard.edu/abs/2019AJ....158..138S/abstract target=ref>TICv8</a>","2014-01",2013,"Transit","Space","Kepler","Kepler CCD Array","0.95 m Kepler Telescope","<a refstr=CABRERA_ET_AL__2014 href=https://ui.adsabs.harvard.edu/abs/2014ApJ...781...18C/abstract target=ref> Cabrera et al. 2014 </a>",284.4334642,"18h57m44.03s",49.3051239,"+49d18m18.45s",79.26947,19.25567,300.32939,71.22769,8.71989000000,0.00010000000,-0.00010000000,0,"8.71989&plusmn;0.0001",,,,0,,0.0870000000,,,0,".087",88.81000,,,0,"88.81",,,,,,0.000000,,,0,"0",981.00,,,0,"981",,,,,,,,,0,,,,,,,0.01480000,,,0,"0.01480",2454972.51530000,0.00610000,-0.00610000,0,"2454972.5153&plusmn;0.0061",3.9669000,,,0,"3.9669","12.482&plusmn;0.024",,,,,,,,,,,,,,,,,12.4380000,0.0230000,-0.0230000,"12.438&plusmn;0.023",12.4760000,0.0230000,-0.0230000,"12.476&plusmn;0.023",12.5130000,0.2770000,-0.2770000,"12.513&plusmn;0.277",9.5880000,,,"9.588",,,,,13.7397000,0.0002170,-0.0002170,"13.739700&plusmn;0.000217",13.3396000,0.0082000,-0.0082000,"13.3396&plusmn;0.0082",0,"BJD",,,13.804,,,"13.804",,,,,,,,,,,0.16252225015565333,-0.63145104660463824,0.75819264962557520,-419849693,,,,,,0.12133128,0.05263637,-0.05263637,0,"<div><span class="supersubNumber">0.121</span><span class="superscript">+0.053</span><span class="subscript">-0.053</span></div>",1.36000000,0.59000000,-0.59000000,0,"1.36&plusmn;0.59",0.01162000,0.00044000,-0.00044000,0,"0.01162&plusmn;0.00044",15.900000,,,,,,,,,,"2013-10-28","2014-01-08","<a refstr=Q1_Q8_KOI_TABLE href=https://exoplanetarchive.ipac.caltech.edu/docs/Kepler_KOI_docs.html target=ref>Q1-Q8 KOI Table</a>","2013-10-28",0,1.200000,-1.200000,0,"15.9&plusmn;1.2",0.360000,0.120000,-0.120000,0,"0.36&plusmn;0.12",,,,,,,,,,,,,,,,,,,,,,,,,,,,,,,,,,,,,,,,,,6330.00,86.00,-86.00,0,"6330.00&plusmn;86.00",,,,0,,,,,,,,,,,,,,,,,4.430000,0.300000,-0.300000,0,"4.430&plusmn;0.300",0.5300,0.8800,-0.8800,0,"0.53&plusmn;0.88",1.140000,0.120000,-0.120000,0,"1.1400&plusmn;0.1200",,,,0,,1.070000,0.460000,-0.460000,0,"1.0700&plusmn;0.4600",0,0,1,0,0,0,0,0,0,0,"Kepler Project Candidate (q1_q8_koi)",1,8,0,0,0,0,0,0,0,0,0,5.4320160,0.0289553,-0.0289553,"5.4320160&plusmn;0.0289553",-4.3791700,0.0295063,-0.0295063,"-4.3791700&plusmn;0.0295063",-3.2139800,0.0279036,-0.0279036,"-3.2139800&plusmn;0.0279036",1.1500700,0.0149210,-0.0149210,"1.150070&plusmn;0.014921",848.25400000,10.81850000,-10.81850000,"848.2540&plusmn;10.8185",14.6040000,0.0090000,-0.0090000,"14.604&plusmn;0.009",13.8830000,0.0690000,-0.0690000,"13.883&plusmn;0.069",12.7900000,0.0290000,-0.0290000,"12.790&plusmn;0.029",12.5310000,0.0330000,-0.0330000,"12.531&plusmn;0.033",12.4820000,0.0240000,-0.0240000
"KOI-351 h","h","KOI-351",,,"TIC 267667295","Gaia DR2 2132193431285570304","Gaia DR3 2132193431285570304",1,"<a refstr=SHAW_ET_AL__2025 href=https://ui.adsabs.harvard.edu/abs/2025AJ....170..146S/abstract target=ref>Shaw et al. 2025</a>","<a refstr=STASSUN_ET_AL__2019 href=https://ui.adsabs.harvard.edu/abs/2019AJ....158..138S/abstract target=ref>TICv8</a>","2014-01",2013,"Transit","Space","Kepler","Kepler CCD Array","0.95 m Kepler Telescope","<a refstr=CABRERA_ET_AL__2014 href=https://ui.adsabs.harvard.edu/abs/2014ApJ...781...18C/abstract target=ref> Cabrera et al. 2014 </a>",284.4334642,"18h57m44.03s",49.3051239,"+49d18m18.45s",79.26947,19.25567,300.32939,71.22769,331.60296000000,0.00034000000,-0.00034000000,0,"331.60296&plusmn;0.00034",3.0000,119.0000,-3.1000,0,"<div><span class="supersubNumber">119.0</span><span class="superscript">+3.0</span><span class="subscript">-3.1</span></div>",,,,,,,,,,,,,,,,0.027600,0.003100,-0.003100,0,"0.0276&plusmn;0.0031",,,,,,,,,,,,,,,,,,,,,,,,,,2454973.50056000,0.00084000,-0.00081000,0,"<div><span class="supersubNumber">2454973.50056</span><span class="superscript">+0.00084</span><span class="subscript">-0.00081</span></div>",,,,,,"12.482&plusmn;0.024",,,,,,,,,,,,,,,,,12.4380000,0.0230000,-0.0230000,"12.438&plusmn;0.023",12.4760000,0.0230000,-0.0230000,"12.476&plusmn;0.023",12.5130000,0.2770000,-0.2770000,"12.513&plusmn;0.277",9.5880000,,,"9.588",,,,,13.7397000,0.0002170,-0.0002170,"13.739700&plusmn;0.000217",13.3396000,0.0082000,-0.0082000,"13.3396&plusmn;0.0082",0,"BJD",,,13.804,,,"13.804",,,,,,,,,,,0.16252225015565333,-0.63145104660463824,0.75819264962557520,-419849693,,,,,,,,,,,,,,,,,,,,,,,,,,,,,,,"2025-10-02","2025-09","<a refstr=SHAW_ET_AL__2025 href=https://ui.adsabs.harvard.edu/abs/2025AJ....170..146S/abstract target=ref>Shaw et al. 2025</a>","2025-10-02",0,,,,,,,,,,,,,,,,,,,,0.63870943,0.05034163,-0.05034163,0,"0.639&plusmn;0.050",203.00000000,16.00000000,-16.00000000,0,"203&plusmn;16",0.63870943,0.05034163,-0.05034163,0,"0.639&plusmn;0.050",203.00000000,16.00000000,-16.00000000,0,"203&plusmn;16","Mass",,,,,,,,,,,,,,,,,,,,,,,,,,,,,,,,,,,,,,,,,,,,,,1.242000,0.096000,-0.097000,0,"<div><span class="supersubNumber">1.242</span><span class="superscript">+0.096</span><span class="subscript">-0.097</span></div>",,,,,,,,,,,1,0,1,1,0,0,0,0,0,0,"Published Confirmed",1,8,0,0,0,0,0,0,0,0,1,5.4320160,0.0289553,-0.0289553,"5.4320160&plusmn;0.0289553",-4.3791700,0.0295063,-0.0295063,"-4.3791700&plusmn;0.0295063",-3.2139800,0.0279036,-0.0279036,"-3.2139800&plusmn;0.0279036",1.1500700,0.0149210,-0.0149210,"1.150070&plusmn;0.014921",848.25400000,10.81850000,-10.81850000,"848.2540&plusmn;10.8185",14.6040000,0.0090000,-0.0090000,"14.604&plusmn;0.009",13.8830000,0.0690000,-0.0690000,"13.883&plusmn;0.069",12.7900000,0.0290000,-0.0290000,"12.790&plusmn;0.029",12.5310000,0.0330000,-0.0330000,"12.531&plusmn;0.033",12.4820000,0.0240000,-0.0240000
"KOI-351 b","b","KOI-351",,,"TIC 267667295","Gaia DR2 2132193431285570304","Gaia DR3 2132193431285570304",0,"<a refstr=Q1_Q17_DR25_KOI_TABLE href=https://exoplanetarchive.ipac.caltech.edu/docs/Kepler_KOI_docs.html target=ref>Q1-Q17 DR25 KOI Table</a>","<a refstr=STASSUN_ET_AL__2019 href=https://ui.adsabs.harvard.edu/abs/2019AJ....158..138S/abstract target=ref>TICv8</a>","2014-01",2013,"Transit","Space","Kepler","Kepler CCD Array","0.95 m Kepler Telescope","<a refstr=CABRERA_ET_AL__2014 href=https://ui.adsabs.harvard.edu/abs/2014ApJ...781...18C/abstract target=ref> Cabrera et al. 2014 </a>",284.4334642,"18h57m44.03s",49.3051239,"+49d18m18.45s",79.26947,19.25567,300.32939,71.22769,7.00821787000,0.00004701000,-0.00004701000,0,"7.00821787&plusmn;4.701e-05",,,,0,,0.0738000000,,,0,".0738",89.36000,,,0,"89.36",,,,,,0.000000,,,0,"0",1062.00,,,0,"1062",,,,,,300.5800,135.5300,-93.9900,0,"<div><span class="supersubNumber">300.58</span> <span class="superscript">+135.53</span><span class="subscript">-93.99</span> </div>",,,,,,0.01164000,0.00067000,-0.00067000,0,"0.01164&plusmn0.00067",2454970.67164000,0.00526000,-0.00526000,0,"2454970.672&plusmn;0.00526",3.8120000,0.1810000,-0.1810000,0,"3.812&plusmn;0.181","12.482&plusmn;0.024",,,,,,,,,,,,,,,,,12.4380000,0.0230000,-0.0230000,"12.438&plusmn;0.023",12.4760000,0.0230000,-0.0230000,"12.476&plusmn;0.023",12.5130000,0.2770000,-0.2770000,"12.513&plusmn;0.277",9.5880000,,,"9.588",,,,,13.7397000,0.0002170,-0.0002170,"13.739700&plusmn;0.000217",13.3396000,0.0082000,-0.0082000,"13.3396&plusmn;0.0082",0,"BJD","[Fe/H]",,13.804,,,"13.804",,,,,,,,,,,0.16252225015565333,-0.63145104660463824,0.75819264962557520,-419849693,,,,,,0.11508629,0.01873498,-0.01516641,0,"<div><span class="supersubNumber">0.115</span><span class="superscript">+0.019</span><span class="subscript">-0.015</span></div>",1.29000000,0.21000000,-0.17000000,0,"<div><span class="supersubNumber">1.29</span> <span class="superscript">+0.21</span><span class="subscript">-0.17</span> </div>",0.00985200,0.00045500,-0.00032700,0,"<div><span class="supersubNumber">0.009852</span> <span class="superscript">+0.000455</span><span class="subscript">-0.000327</span> </div>",14.030000,,,,,,,,,,"2017-05-08","2017-08-31 00:00","<a refstr=Q1_Q17_DR25_KOI_TABLE href=https://exoplanetarchive.ipac.caltech.edu/docs/Kepler_KOI_docs.html target=ref>Q1-Q17 DR25 KOI Table</a>","2017-05-08",0,1.000000,-1.000000,0,"14.03&plusmn;1",0.156000,0.312000,-0.156000,0,"<div><span class="supersubNumber">0.156</span> <span class="superscript">+0.312</span><span class="subscript">-0.156</span> </div>",,,,,,,,,,,,,,,,,,,,,,,,,,,,,,,,,,,,,,,,,,5970.00,107.00,-131.00,0,"<div><span class="supersubNumber">5970</span> <span class="superscript">+107</span><span class="subscript">-131</span> </div>",0.1000,0.1500,-0.1500,0,"0.1&plusmn;0.15",,,,,,,,,,,,,,,,4.317000,0.110000,-0.121000,0,"<div><span class="supersubNumber">4.317</span> <span class="superscript">+0.11</span><span class="subscript">-0.121</span> </div>",,,,0,,1.089000,0.089000,-0.080000,0,"<div><span class="supersubNumber">1.089</span> <span class="superscript">+0.089</span><span class="subscript">-0.08</span> </div>",1.062660,0.079290,-0.491910,0,"<div><span class="supersubNumber">1.06266</span> <span class="superscript">+0.07929</span><span class="subscript">-0.49191</span> </div>",1.200000,0.195000,-0.160000,0,"<div><span class="supersubNumber">1.2</span> <span class="superscript">+0.195</span><span class="subscript">-0.16</span> </div>",0,0,1,0,0,0,0,0,0,0,"Kepler Project Candidate (q1_q17_dr25_koi)",1,8,0,0,0,0,0,0,0,0,0,5.4320160,0.0289553,-0.0289553,"5.4320160&plusmn;0.0289553",-4.3791700,0.0295063,-0.0295063,"-4.3791700&plusmn;0.0295063",-3.2139800,0.0279036,-0.0279036,"-3.2139800&plusmn;0.0279036",1.1500700,0.0149210,-0.0149210,"1.150070&plusmn;0.014921",848.25400000,10.81850000,-10.81850000,"848.2540&plusmn;10.8185",14.6040000,0.0090000,-0.0090000,"14.604&plusmn;0.009",13.8830000,0.0690000,-0.0690000,"13.883&plusmn;0.069",12.7900000,0.0290000,-0.0290000,"12.790&plusmn;0.029",12.5310000,0.0330000,-0.0330000,"12.531&plusmn;0.033",12.4820000,0.0240000,-0.0240000
"KOI-351 b","b","KOI-351",,,"TIC 267667295","Gaia DR2 2132193431285570304","Gaia DR3 2132193431285570304",0,"<a refstr=Q1_Q12_KOI_TABLE href=https://exoplanetarchive.ipac.caltech.edu/docs/Kepler_KOI_docs.html target=ref>Q1-Q12 KOI Table</a>","<a refstr=STASSUN_ET_AL__2019 href=https://ui.adsabs.harvard.edu/abs/2019AJ....158..138S/abstract target=ref>TICv8</a>","2014-01",2013,"Transit","Space","Kepler","Kepler CCD Array","0.95 m Kepler Telescope","<a refstr=CABRERA_ET_AL__2014 href=https://ui.adsabs.harvard.edu/abs/2014ApJ...781...18C/abstract target=ref> Cabrera et al. 2014 </a>",284.4334642,"18h57m44.03s",49.3051239,"+49d18m18.45s",79.26947,19.25567,300.32939,71.22769,7.00828076000,0.00004397000,-0.00004397000,0,"7.00828076&plusmn;4.397e-05",,,,0,,0.0709000000,,,0,".0709",89.95000,,,0,"89.95",,,,,,0.000000,,,0,"0",1061.00,,,0,"1061",,,,,,299.4900,352.2300,-105.7400,0,"<div><span class="supersubNumber">299.49</span> <span class="superscript">+352.23</span><span class="subscript">-105.74</span> </div>",,,,,,0.01186000,0.00076000,-0.00076000,0,"0.01186&plusmn0.00076",2454970.66899000,0.00482000,-0.00482000,0,"2454970.669&plusmn;0.00482",3.7110000,0.1530000,-0.1530000,0,"3.711&plusmn;0.153","12.482&plusmn;0.024",,,,,,,,,,,,,,,,,12.4380000,0.0230000,-0.0230000,"12.438&plusmn;0.023",12.4760000,0.0230000,-0.0230000,"12.476&plusmn;0.023",12.5130000,0.2770000,-0.2770000,"12.513&plusmn;0.277",9.5880000,,,"9.588",,,,,13.7397000,0.0002170,-0.0002170,"13.739700&plusmn;0.000217",13.3396000,0.0082000,-0.0082000,"13.3396&plusmn;0.0082",0,"BJD","[Fe/H]",,13.804,,,"13.804",,,,,,,,,,,0.16252225015565333,-0.63145104660463824,0.75819264962557520,-419849693,,,,,,0.10259630,0.04014638,-0.01338213,0,"<div><span class="supersubNumber">0.103</span><span class="superscript">+0.040</span><span class="subscript">-0.013</span></div>",1.15000000,0.45000000,-0.15000000,0,"<div><span class="supersubNumber">1.15</span> <span class="superscript">+0.45</span><span class="subscript">-0.15</span> </div>",0.01003200,0.00046000,-0.00038300,0,"<div><span class="supersubNumber">0.010032</span> <span class="superscript">+0.00046</span><span class="subscript">-0.000383</span> </div>",14.530000,,,,,,,,,,"2014-11-18","2014-12-04","<a refstr=Q1_Q12_KOI_TABLE href=https://exoplanetarchive.ipac.caltech.edu/docs/Kepler_KOI_docs.html target=ref>Q1-Q12 KOI Table</a>","2014-11-18",0,1.800000,-1.800000,0,"14.53&plusmn;1.8",0.083000,0.379800,-0.083000,0,"<div><span class="supersubNumber">0.083</span> <span class="superscript">+0.3798</span><span class="subscript">-0.083</span> </div>",,,,,,,,,,,,,,,,,,,,,,,,,,,,,,,,,,,,,,,,,,6238.00,195.00,-227.00,0,"<div><span class="supersubNumber">6238.00</span> <span class="superscript">+195.00</span><span class="subscript">-227.00</span> </div>",-0.4000,0.2800,-0.3000,0,"<div><span class="supersubNumber">-0.400</span> <span class="superscript">+0.280</span><span class="subscript">-0.300</span> </div>",,,,,,,,,,,,,,,,4.378000,0.099000,-0.264000,0,"<div><span class="supersubNumber">4.378</span> <span class="superscript">+0.099</span><span class="subscript">-0.264</span> </div>",,,,0,,0.967000,0.144000,-0.112000,0,"<div><span class="supersubNumber">0.9670</span> <span class="superscript">+0.1440</span><span class="subscript">-0.1120</span> </div>",1.182340,0.148830,-0.471650,0,"<div><span class="supersubNumber">1.18234</span> <span class="superscript">+0.14883</span><span class="subscript">-0.47165</span> </div>",1.054000,0.408000,-0.141000,0,"<div><span class="supersubNumber">1.0540</span> <span class="superscript">+0.4080</span><span class="subscript">-0.1410</span> </div>",0,0,1,0,0,0,0,0,0,0,"Kepler Project Candidate (q1_q12_koi)",1,8,0,0,0,0,0,0,0,0,0,5.4320160,0.0289553,-0.0289553,"5.4320160&plusmn;0.0289553",-4.3791700,0.0295063,-0.0295063,"-4.3791700&plusmn;0.0295063",-3.2139800,0.0279036,-0.0279036,"-3.2139800&plusmn;0.0279036",1.1500700,0.0149210,-0.0149210,"1.150070&plusmn;0.014921",848.25400000,10.81850000,-10.81850000,"848.2540&plusmn;10.8185",14.6040000,0.0090000,-0.0090000,"14.604&plusmn;0.009",13.8830000,0.0690000,-0.0690000,"13.883&plusmn;0.069",12.7900000,0.0290000,-0.0290000,"12.790&plusmn;0.029",12.5310000,0.0330000,-0.0330000,"12.531&plusmn;0.033",12.4820000,0.0240000,-0.0240000
"KOI-351 h","h","KOI-351",,,"TIC 267667295","Gaia DR2 2132193431285570304","Gaia DR3 2132193431285570304",0,"<a refstr=SANTERNE_ET_AL__2016 href=https://ui.adsabs.harvard.edu/abs/2016A&A...587A..64S/abstract target=ref>Santerne et al. 2016</a>","<a refstr=STASSUN_ET_AL__2019 href=https://ui.adsabs.harvard.edu/abs/2019AJ....158..138S/abstract target=ref>TICv8</a>","2014-01",2013,"Transit","Space","Kepler","Kepler CCD Array","0.95 m Kepler Telescope","<a refstr=CABRERA_ET_AL__2014 href=https://ui.adsabs.harvard.edu/abs/2014ApJ...781...18C/abstract target=ref> Cabrera et al. 2014 </a>",284.4334642,"18h57m44.03s",49.3051239,"+49d18m18.45s",79.26947,19.25567,300.32939,71.22769,331.60100000000,,,0,"331.601",,,,,,,,,,,,,,,,,,,,,,,,,,,,,,,,,,,,,,,,,,,,,,,,,,,,,,,,,,,,,"12.482&plusmn;0.024",,,,,,,,,,,,,,,,,12.4380000,0.0230000,-0.0230000,"12.438&plusmn;0.023",12.4760000,0.0230000,-0.0230000,"12.476&plusmn;0.023",12.5130000,0.2770000,-0.2770000,"12.513&plusmn;0.277",9.5880000,,,"9.588",,,,,13.7397000,0.0002170,-0.0002170,"13.739700&plusmn;0.000217",13.3396000,0.0082000,-0.0082000,"13.3396&plusmn;0.0082",0,,"[Fe/H]",,13.804,,,"13.804",,,,,,,,,,,0.16252225015565333,-0.63145104660463824,0.75819264962557520,-419849693,,,,,,1.01000000,0.09000000,-0.09000000,0,"1.01&plusmn;0.09",11.32109000,1.00881000,-1.00881000,0,"11.3&plusmn;1.0",0.08660000,0.00070000,-0.00070000,0,"0.08660&plusmn;0.00070",180.700000,,,,,,,,,,"2016-04-27","2016-03","<a refstr=SANTERNE_ET_AL__2016 href=https://ui.adsabs.harvard.edu/abs/2016A&A...587A..64S/abstract target=ref>Santerne et al. 2016</a>","2016-04-28",0,4.700000,-4.700000,0,"180.700&plusmn;4.700",,,,,,,,,,,,,,,,1.20000000,,,1,"&lt;1.2",381.39600000,,,1,"&lt;381",1.20000000,,,1,"&lt;1.2",381.39600000,,,1,"&lt;381","Mass",,,,,,,,,,,6080.00,260.00,-170.00,0,"<div><span class="supersubNumber">6080</span><span class="superscript">+260</span><span class="subscript">-170</span></div>",-0.1200,0.1800,-0.1800,0,"-0.12&plusmn;0.18",,,,,,,,,,,,,,,,,,,,,,,,,,1.200000,0.100000,-0.100000,0,"1.20&plusmn;0.10",,,,,,1.200000,0.100000,-0.100000,0,"1.20&plusmn;0.10",1,0,1,1,0,0,0,0,0,0,"Published Confirmed",1,8,0,0,0,0,0,0,0,0,1,5.4320160,0.0289553,-0.0289553,"5.4320160&plusmn;0.0289553",-4.3791700,0.0295063,-0.0295063,"-4.3791700&plusmn;0.0295063",-3.2139800,0.0279036,-0.0279036,"-3.2139800&plusmn;0.0279036",1.1500700,0.0149210,-0.0149210,"1.150070&plusmn;0.014921",848.25400000,10.81850000,-10.81850000,"848.2540&plusmn;10.8185",14.6040000,0.0090000,-0.0090000,"14.604&plusmn;0.009",13.8830000,0.0690000,-0.0690000,"13.883&plusmn;0.069",12.7900000,0.0290000,-0.0290000,"12.790&plusmn;0.029",12.5310000,0.0330000,-0.0330000,"12.531&plusmn;0.033",12.4820000,0.0240000,-0.0240000
"KOI-351 e","e","KOI-351",,,"TIC 267667295","Gaia DR2 2132193431285570304","Gaia DR3 2132193431285570304",0,"<a refstr=WEISS_ET_AL__2024 href=https://ui.adsabs.harvard.edu/abs/2024ApJS..270....8W/abstract target=ref>Weiss et al. 2024</a>","<a refstr=STASSUN_ET_AL__2019 href=https://ui.adsabs.harvard.edu/abs/2019AJ....158..138S/abstract target=ref>TICv8</a>","2014-01",2013,"Transit","Space","Kepler","Kepler CCD Array","0.95 m Kepler Telescope","<a refstr=CABRERA_ET_AL__2014 href=https://ui.adsabs.harvard.edu/abs/2014ApJ...781...18C/abstract target=ref> Cabrera et al. 2014 </a>",284.4334642,"18h57m44.03s",49.3051239,"+49d18m18.45s",79.26947,19.25567,300.32939,71.22769,91.94046030000,,,0,"91.9404603",,,,,,0.4125319150,,,0,"0.412531915",,,,,,,,,,,0.000000,,,0,"0",,,,,,,,,,,,,,,,,,,,,,,,,,,,,,,,,,,,"12.482&plusmn;0.024",,,,,,,,,,,,,,,,,12.4380000,0.0230000,-0.0230000,"12.438&plusmn;0.023",12.4760000,0.0230000,-0.0230000,"12.476&plusmn;0.023",12.5130000,0.2770000,-0.2770000,"12.513&plusmn;0.277",9.5880000,,,"9.588",,,,,13.7397000,0.0002170,-0.0002170,"13.739700&plusmn;0.000217",13.3396000,0.0082000,-0.0082000,"13.3396&plusmn;0.0082",0,,,,13.804,,,"13.804",,,,,,,,,,,0.16252225015565333,-0.63145104660463824,0.75819264962557520,-419849693,,,,,,0.23302743,0.00838613,-0.00838613,0,"0.2330&plusmn;0.0084",2.61200000,0.09400000,-0.09400000,0,"2.612&plusmn;0.094",,,,,,,,,,,,,,,,"2024-02-21","2024-01","<a refstr=WEISS_ET_AL__2024 href=https://ui.adsabs.harvard.edu/abs/2024ApJS..270....8W/abstract target=ref>Weiss et al. 2024</a>","2024-02-21",0,,,,,,,,,,,,,,,,,,,,,,,,,,,,,,,,,,,,,,,,,,,,,,,,,,,,,,,,,,,,,,,,,,,,,,,,,,,,,,,,,,,,,,1.108000,0.030500,-0.030500,0,"1.1080&plusmn;0.0305",,,,,,,,,,,0,0,1,0,0,0,0,0,0,0,"Published Confirmed",1,8,0,0,0,0,0,0,0,0,0,5.4320160,0.0289553,-0.0289553,"5.4320160&plusmn;0.0289553",-4.3791700,0.0295063,-0.0295063,"-4.3791700&plusmn;0.0295063",-3.2139800,0.0279036,-0.0279036,"-3.2139800&plusmn;0.0279036",1.1500700,0.0149210,-0.0149210,"1.150070&plusmn;0.014921",848.25400000,10.81850000,-10.81850000,"848.2540&plusmn;10.8185",14.6040000,0.0090000,-0.0090000,"14.604&plusmn;0.009",13.8830000,0.0690000,-0.0690000,"13.883&plusmn;0.069",12.7900000,0.0290000,-0.0290000,"12.790&plusmn;0.029",12.5310000,0.0330000,-0.0330000,"12.531&plusmn;0.033",12.4820000,0.0240000,-0.0240000
"KOI-351 g","g","KOI-351",,,"TIC 267667295","Gaia DR2 2132193431285570304","Gaia DR3 2132193431285570304",0,"<a refstr=GAJDO_SCARON__ET_AL__2019 href=https://ui.adsabs.harvard.edu/abs/2019RAA....19...41G/abstract target=ref>Gajdo&scaron; et al. 2019</a>","<a refstr=STASSUN_ET_AL__2019 href=https://ui.adsabs.harvard.edu/abs/2019AJ....158..138S/abstract target=ref>TICv8</a>","2014-01",2013,"Transit","Space","Kepler","Kepler CCD Array","0.95 m Kepler Telescope","<a refstr=CABRERA_ET_AL__2014 href=https://ui.adsabs.harvard.edu/abs/2014ApJ...781...18C/abstract target=ref> Cabrera et al. 2014 </a>",284.4334642,"18h57m44.03s",49.3051239,"+49d18m18.45s",79.26947,19.25567,300.32939,71.22769,210.59334066000,0.00018129460,-0.00018129460,0,"210.5933406600&plusmn;0.0001812946",,,,,,,,,,,,,,,,,,,,,,,,,,,,,,,,,,,,,,,,,,,,,,,,,,,2454980.09151000,0.00003923,-0.00003923,0,"2454980.09151000&plusmn;0.00003923",,,,,,"12.482&plusmn;0.024",,,,,,,,,,,,,,,,,12.4380000,0.0230000,-0.0230000,"12.438&plusmn;0.023",12.4760000,0.0230000,-0.0230000,"12.476&plusmn;0.023",12.5130000,0.2770000,-0.2770000,"12.513&plusmn;0.277",9.5880000,,,"9.588",,,,,13.7397000,0.0002170,-0.0002170,"13.739700&plusmn;0.000217",13.3396000,0.0082000,-0.0082000,"13.3396&plusmn;0.0082",0,"BJD","[M/H]",,13.804,,,"13.804",,,,,,,,,,,0.16252225015565333,-0.63145104660463824,0.75819264962557520,-419849693,,,,,,,,,,,,,,,,,,,,,,,,,,,,,,,"2019-04-16","2019-03","<a refstr=STASSUN_ET_AL__2019 href=https://ui.adsabs.harvard.edu/abs/2019AJ....158..138S/abstract target=ref>TICv8</a>","2019-04-18",0,,,,,,,,,,,,,,,,,,,,,,,,,,,,,,,,,,,,,,,,,,,,,,,,,,,6031.13,34.68,-34.68,0,"6031.13&plusmn;34.68",0.0830,0.0330,-0.0330,0,"0.0830&plusmn;0.0330",,,,,,,,,,,0.26853,,,0,"0.2685314",4.295040,,,0,"4.29504",,,,,,1.120000,,,0,"1.12",0.812869,,,0,"0.8128692",1.247730,,,0,"1.24773",1,0,1,0,0,0,0,0,0,0,"Published Confirmed",1,8,0,0,0,0,0,0,0,0,0,5.4320160,0.0289553,-0.0289553,"5.4320160&plusmn;0.0289553",-4.3791700,0.0295063,-0.0295063,"-4.3791700&plusmn;0.0295063",-3.2139800,0.0279036,-0.0279036,"-3.2139800&plusmn;0.0279036",1.1500700,0.0149210,-0.0149210,"1.150070&plusmn;0.014921",848.25400000,10.81850000,-10.81850000,"848.2540&plusmn;10.8185",14.6040000,0.0090000,-0.0090000,"14.604&plusmn;0.009",13.8830000,0.0690000,-0.0690000,"13.883&plusmn;0.069",12.7900000,0.0290000,-0.0290000,"12.790&plusmn;0.029",12.5310000,0.0330000,-0.0330000,"12.531&plusmn;0.033",12.4820000,0.0240000,-0.0240000
"KOI-351 b","b","KOI-351",,,"TIC 267667295","Gaia DR2 2132193431285570304","Gaia DR3 2132193431285570304",0,"<a refstr=Q1_Q8_KOI_TABLE href=https://exoplanetarchive.ipac.caltech.edu/docs/Kepler_KOI_docs.html target=ref>Q1-Q8 KOI Table</a>","<a refstr=STASSUN_ET_AL__2019 href=https://ui.adsabs.harvard.edu/abs/2019AJ....158..138S/abstract target=ref>TICv8</a>","2014-01",2013,"Transit","Space","Kepler","Kepler CCD Array","0.95 m Kepler Telescope","<a refstr=CABRERA_ET_AL__2014 href=https://ui.adsabs.harvard.edu/abs/2014ApJ...781...18C/abstract target=ref> Cabrera et al. 2014 </a>",284.4334642,"18h57m44.03s",49.3051239,"+49d18m18.45s",79.26947,19.25567,300.32939,71.22769,7.00823300000,0.00008800000,-0.00008800000,0,"7.008233&plusmn;8.8e-05",,,,0,,0.0750000000,,,0,".075",88.81000,,,0,"88.81",,,,,,0.000000,,,0,"0",1056.00,,,0,"1056",,,,,,,,,0,,,,,,,0.01040000,,,0,"0.01040",2454970.67170000,0.00680000,-0.00680000,0,"2454970.6717&plusmn;0.0068",3.7064000,,,0,"3.7064","12.482&plusmn;0.024",,,,,,,,,,,,,,,,,12.4380000,0.0230000,-0.0230000,"12.438&plusmn;0.023",12.4760000,0.0230000,-0.0230000,"12.476&plusmn;0.023",12.5130000,0.2770000,-0.2770000,"12.513&plusmn;0.277",9.5880000,,,"9.588",,,,,13.7397000,0.0002170,-0.0002170,"13.739700&plusmn;0.000217",13.3396000,0.0082000,-0.0082000,"13.3396&plusmn;0.0082",0,"BJD",,,13.804,,,"13.804",,,,,,,,,,,0.16252225015565333,-0.63145104660463824,0.75819264962557520,-419849693,,,,,,0.10348845,0.04549923,-0.04549923,0,"<div><span class="supersubNumber">0.103</span><span class="superscript">+0.045</span><span class="subscript">-0.045</span></div>",1.16000000,0.51000000,-0.51000000,0,"1.16&plusmn;0.51",0.00990000,0.00046000,-0.00046000,0,"0.0099&plusmn;0.00046",13.800000,,,,,,,,,,"2013-10-28","2014-01-08","<a refstr=Q1_Q8_KOI_TABLE href=https://exoplanetarchive.ipac.caltech.edu/docs/Kepler_KOI_docs.html target=ref>Q1-Q8 KOI Table</a>","2013-10-28",0,1.000000,-1.000000,0,"13.8&plusmn;1",0.340000,0.150000,-0.150000,0,"0.34&plusmn;0.15",,,,,,,,,,,,,,,,,,,,,,,,,,,,,,,,,,,,,,,,,,6330.00,86.00,-86.00,0,"6330.00&plusmn;86.00",,,,0,,,,,,,,,,,,,,,,,4.430000,0.300000,-0.300000,0,"4.430&plusmn;0.300",0.5300,0.8800,-0.8800,0,"0.53&plusmn;0.88",1.140000,0.120000,-0.120000,0,"1.1400&plusmn;0.1200",,,,0,,1.070000,0.460000,-0.460000,0,"1.0700&plusmn;0.4600",0,0,1,0,0,0,0,0,0,0,"Kepler Project Candidate (q1_q8_koi)",1,8,0,0,0,0,0,0,0,0,0,5.4320160,0.0289553,-0.0289553,"5.4320160&plusmn;0.0289553",-4.3791700,0.0295063,-0.0295063,"-4.3791700&plusmn;0.0295063",-3.2139800,0.0279036,-0.0279036,"-3.2139800&plusmn;0.0279036",1.1500700,0.0149210,-0.0149210,"1.150070&plusmn;0.014921",848.25400000,10.81850000,-10.81850000,"848.2540&plusmn;10.8185",14.6040000,0.0090000,-0.0090000,"14.604&plusmn;0.009",13.8830000,0.0690000,-0.0690000,"13.883&plusmn;0.069",12.7900000,0.0290000,-0.0290000,"12.790&plusmn;0.029",12.5310000,0.0330000,-0.0330000,"12.531&plusmn;0.033",12.4820000,0.0240000,-0.0240000
"KOI-351 h","h","KOI-351",,,"TIC 267667295","Gaia DR2 2132193431285570304","Gaia DR3 2132193431285570304",0,"<a refstr=LIANG_ET_AL__2021 href=https://ui.adsabs.harvard.edu/abs/2021AJ....161..202L/abstract target=ref>Liang et al. 2021</a>","<a refstr=STASSUN_ET_AL__2019 href=https://ui.adsabs.harvard.edu/abs/2019AJ....158..138S/abstract target=ref>TICv8</a>","2014-01",2013,"Transit","Space","Kepler","Kepler CCD Array","0.95 m Kepler Telescope","<a refstr=CABRERA_ET_AL__2014 href=https://ui.adsabs.harvard.edu/abs/2014ApJ...781...18C/abstract target=ref> Cabrera et al. 2014 </a>",284.4334642,"18h57m44.03s",49.3051239,"+49d18m18.45s",79.26947,19.25567,300.32939,71.22769,331.65700000000,0.00900000000,-0.00800000000,0,"<div><span class="supersubNumber">331.657</span><span class="superscript">+0.009</span><span class="subscript">-0.008</span></div>",,,,,,,,,,,89.92700,0.01100,-0.00700,0,"<div><span class="supersubNumber">89.927</span><span class="superscript">+0.011</span><span class="subscript">-0.007</span></div>",,,,,,-0.011000,0.002000,-0.003000,0,"<div><span class="supersubNumber">-0.011</span><span class="superscript">+0.002</span><span class="subscript">-0.003</span></div>",,,,,,,,,,,,,,,,,,,,,,,,,,,,,,,,,,,,"12.482&plusmn;0.024",,,,,,,,,,,,,,,,,12.4380000,0.0230000,-0.0230000,"12.438&plusmn;0.023",12.4760000,0.0230000,-0.0230000,"12.476&plusmn;0.023",12.5130000,0.2770000,-0.2770000,"12.513&plusmn;0.277",9.5880000,,,"9.588",,,,,13.7397000,0.0002170,-0.0002170,"13.739700&plusmn;0.000217",13.3396000,0.0082000,-0.0082000,"13.3396&plusmn;0.0082",0,,"[M/H]",,13.804,,,"13.804",,,,,,,,,,,0.16252225015565333,-0.63145104660463824,0.75819264962557520,-419849693,,,,,,,,,,,,,,,,,,,,,,,,,,,,,,,"2025-05-19","2021-04","<a refstr=CABRERA_ET_AL__2014 href=https://ui.adsabs.harvard.edu/abs/2014ApJ...781...18C/abstract target=ref> Cabrera et al. 2014 </a>","2025-05-19",0,,,,,,,,,,,,,,,,,,,,0.63870943,0.01573176,-0.01573176,0,"0.639&plusmn;0.016",203.00000000,5.00000000,-5.00000000,0,"203&plusmn;5",0.63870943,0.01573176,-0.01573176,0,"0.639&plusmn;0.016",203.00000000,5.00000000,-5.00000000,0,"203&plusmn;5","Mass",,,,,,,,,,,6080.00,260.00,-170.00,0,"<div><span class="supersubNumber">6080</span> <span class="superscript">+260</span><span class="subscript">-170</span> </div>",-0.1200,0.1800,-0.1800,0,"-0.12&plusmn;0.18",,,,,,4.6000,2.1000,-2.1000,0,"4.6&plusmn;2.1",,,,,,4.400000,,,0,"4.4",,,,,,1.200000,0.100000,-0.100000,0,"1.2&plusmn;0.1",,,,,,1.200000,0.100000,-0.100000,0,"1.2&plusmn;0.1",1,0,1,1,0,0,0,0,0,0,"Published Confirmed",1,8,0,0,0,0,0,0,0,0,1,5.4320160,0.0289553,-0.0289553,"5.4320160&plusmn;0.0289553",-4.3791700,0.0295063,-0.0295063,"-4.3791700&plusmn;0.0295063",-3.2139800,0.0279036,-0.0279036,"-3.2139800&plusmn;0.0279036",1.1500700,0.0149210,-0.0149210,"1.150070&plusmn;0.014921",848.25400000,10.81850000,-10.81850000,"848.2540&plusmn;10.8185",14.6040000,0.0090000,-0.0090000,"14.604&plusmn;0.009",13.8830000,0.0690000,-0.0690000,"13.883&plusmn;0.069",12.7900000,0.0290000,-0.0290000,"12.790&plusmn;0.029",12.5310000,0.0330000,-0.0330000,"12.531&plusmn;0.033",12.4820000,0.0240000,-0.0240000
"KOI-351 c","c","KOI-351",,,"TIC 267667295","Gaia DR2 2132193431285570304","Gaia DR3 2132193431285570304",0,"<a refstr=BERGER_ET_AL__2018 href=https://ui.adsabs.harvard.edu/abs/2018ApJ...866...99B/abstract target=ref>Berger et al. 2018</a>","<a refstr=STASSUN_ET_AL__2019 href=https://ui.adsabs.harvard.edu/abs/2019AJ....158..138S/abstract target=ref>TICv8</a>","2014-01",2013,"Transit","Space","Kepler","Kepler CCD Array","0.95 m Kepler Telescope","<a refstr=CABRERA_ET_AL__2014 href=https://ui.adsabs.harvard.edu/abs/2014ApJ...781...18C/abstract target=ref> Cabrera et al. 2014 </a>",284.4334642,"18h57m44.03s",49.3051239,"+49d18m18.45s",79.26947,19.25567,300.32939,71.22769,,,,,,,,,,,,,,,,,,,,,,,,,,,,,,,,,,,,,,,,,236.3150,8.0580,-7.7740,0,"<div><span class="supersubNumber">236.315</span><span class="superscript">+8.058</span><span class="subscript">-7.774</span></div>",,,,,,,,,,,,,,,,,,,,,"12.482&plusmn;0.024",,,,,,,,,,,,,,,,,12.4380000,0.0230000,-0.0230000,"12.438&plusmn;0.023",12.4760000,0.0230000,-0.0230000,"12.476&plusmn;0.023",12.5130000,0.2770000,-0.2770000,"12.513&plusmn;0.277",9.5880000,,,"9.588",,,,,13.7397000,0.0002170,-0.0002170,"13.739700&plusmn;0.000217",13.3396000,0.0082000,-0.0082000,"13.3396&plusmn;0.0082",0,,,,13.804,,,"13.804",,,,,,,,,,,0.16252225015565333,-0.63145104660463824,0.75819264962557520,-419849693,,,,,,0.13774645,0.00704791,-0.00802926,0,"<div><span class="supersubNumber">0.1377</span><span class="superscript">+0.0070</span><span class="subscript">-0.0080</span></div>",1.54400000,0.07900000,-0.09000000,0,"<div><span class="supersubNumber">1.544</span><span class="superscript">+0.079</span><span class="subscript">-0.090</span></div>",,,,,,,,,,,,,,,,"2018-09-04","2018-10","<a refstr=BERGER_ET_AL__2018 href=https://ui.adsabs.harvard.edu/abs/2018ApJ...866...99B/abstract target=ref>Berger et al. 2018</a>","2018-09-06",0,,,,,,,,,,,,,,,,,,,,,,,,,,,,,,,,,,,,,,,,,,,,,,,,,,,6015.00,120.00,-120.00,0,"6015&plusmn;120",,,,,,,,,,,,,,,,,,,,,,,,,,,,,,,,,,,,,,,,,1.211000,0.054000,-0.051000,0,"<div><span class="supersubNumber">1.211</span><span class="superscript">+0.054</span><span class="subscript">-0.051</span></div>",0,0,1,0,0,0,0,0,0,0,"Published Confirmed",1,8,0,0,0,0,0,0,0,0,0,5.4320160,0.0289553,-0.0289553,"5.4320160&plusmn;0.0289553",-4.3791700,0.0295063,-0.0295063,"-4.3791700&plusmn;0.0295063",-3.2139800,0.0279036,-0.0279036,"-3.2139800&plusmn;0.0279036",1.1500700,0.0149210,-0.0149210,"1.150070&plusmn;0.014921",848.25400000,10.81850000,-10.81850000,"848.2540&plusmn;10.8185",14.6040000,0.0090000,-0.0090000,"14.604&plusmn;0.009",13.8830000,0.0690000,-0.0690000,"13.883&plusmn;0.069",12.7900000,0.0290000,-0.0290000,"12.790&plusmn;0.029",12.5310000,0.0330000,-0.0330000,"12.531&plusmn;0.033",12.4820000,0.0240000,-0.0240000
"KOI-351 e","e","KOI-351",,,"TIC 267667295","Gaia DR2 2132193431285570304","Gaia DR3 2132193431285570304",0,"<a refstr=GAJDO_SCARON__ET_AL__2019 href=https://ui.adsabs.harvard.edu/abs/2019RAA....19...41G/abstract target=ref>Gajdo&scaron; et al. 2019</a>","<a refstr=STASSUN_ET_AL__2019 href=https://ui.adsabs.harvard.edu/abs/2019AJ....158..138S/abstract target=ref>TICv8</a>","2014-01",2013,"Transit","Space","Kepler","Kepler CCD Array","0.95 m Kepler Telescope","<a refstr=CABRERA_ET_AL__2014 href=https://ui.adsabs.harvard.edu/abs/2014ApJ...781...18C/abstract target=ref> Cabrera et al. 2014 </a>",284.4334642,"18h57m44.03s",49.3051239,"+49d18m18.45s",79.26947,19.25567,300.32939,71.22769,91.93984248600,0.00047925650,-0.00047925650,0,"91.9398424860&plusmn;0.0004792565",,,,,,,,,,,,,,,,,,,,,,,,,,,,,,,,,,,,,,,,,,,,,,,,,,,2454967.30249000,0.00469628,-0.00469628,0,"2454967.30249000&plusmn;0.00469628",,,,,,"12.482&plusmn;0.024",,,,,,,,,,,,,,,,,12.4380000,0.0230000,-0.0230000,"12.438&plusmn;0.023",12.4760000,0.0230000,-0.0230000,"12.476&plusmn;0.023",12.5130000,0.2770000,-0.2770000,"12.513&plusmn;0.277",9.5880000,,,"9.588",,,,,13.7397000,0.0002170,-0.0002170,"13.739700&plusmn;0.000217",13.3396000,0.0082000,-0.0082000,"13.3396&plusmn;0.0082",0,"BJD","[M/H]",,13.804,,,"13.804",,,,,,,,,,,0.16252225015565333,-0.63145104660463824,0.75819264962557520,-419849693,,,,,,,,,,,,,,,,,,,,,,,,,,,,,,,"2019-04-16","2019-03","<a refstr=STASSUN_ET_AL__2019 href=https://ui.adsabs.harvard.edu/abs/2019AJ....158..138S/abstract target=ref>TICv8</a>","2019-04-18",0,,,,,,,,,,,,,,,,,,,,,,,,,,,,,,,,,,,,,,,,,,,,,,,,,,,6031.13,34.68,-34.68,0,"6031.13&plusmn;34.68",0.0830,0.0330,-0.0330,0,"0.0830&plusmn;0.0330",,,,,,,,,,,0.26853,,,0,"0.2685314",4.295040,,,0,"4.29504",,,,,,1.120000,,,0,"1.12",0.812869,,,0,"0.8128692",1.247730,,,0,"1.24773",0,0,1,0,0,0,0,0,0,0,"Published Confirmed",1,8,0,0,0,0,0,0,0,0,0,5.4320160,0.0289553,-0.0289553,"5.4320160&plusmn;0.0289553",-4.3791700,0.0295063,-0.0295063,"-4.3791700&plusmn;0.0295063",-3.2139800,0.0279036,-0.0279036,"-3.2139800&plusmn;0.0279036",1.1500700,0.0149210,-0.0149210,"1.150070&plusmn;0.014921",848.25400000,10.81850000,-10.81850000,"848.2540&plusmn;10.8185",14.6040000,0.0090000,-0.0090000,"14.604&plusmn;0.009",13.8830000,0.0690000,-0.0690000,"13.883&plusmn;0.069",12.7900000,0.0290000,-0.0290000,"12.790&plusmn;0.029",12.5310000,0.0330000,-0.0330000,"12.531&plusmn;0.033",12.4820000,0.0240000,-0.0240000
"KOI-351 e","e","KOI-351",,,"TIC 267667295","Gaia DR2 2132193431285570304","Gaia DR3 2132193431285570304",0,"<a refstr=Q1_Q17_DR25_KOI_TABLE href=https://exoplanetarchive.ipac.caltech.edu/docs/Kepler_KOI_docs.html target=ref>Q1-Q17 DR25 KOI Table</a>","<a refstr=STASSUN_ET_AL__2019 href=https://ui.adsabs.harvard.edu/abs/2019AJ....158..138S/abstract target=ref>TICv8</a>","2014-01",2013,"Transit","Space","Kepler","Kepler CCD Array","0.95 m Kepler Telescope","<a refstr=CABRERA_ET_AL__2014 href=https://ui.adsabs.harvard.edu/abs/2014ApJ...781...18C/abstract target=ref> Cabrera et al. 2014 </a>",284.4334642,"18h57m44.03s",49.3051239,"+49d18m18.45s",79.26947,19.25567,300.32939,71.22769,91.94012530000,0.00054660000,-0.00054660000,0,"91.9401253&plusmn;0.0005466",,,,0,,0.4105000000,,,0,".4105",89.98000,,,0,"89.98",,,,,,0.000000,,,0,"0",450.00,,,0,"450",,,,,,9.7100,4.3900,-3.0300,0,"<div><span class="supersubNumber">9.71</span> <span class="superscript">+4.39</span><span class="subscript">-3.03</span> </div>",,,,,,0.04829000,0.00142000,-0.00142000,0,"0.04829&plusmn0.00142",2454967.30000000,0.00473000,-0.00473000,0,"2454967.3&plusmn;0.00473",9.1950000,0.1380000,-0.1380000,0,"9.195&plusmn;0.138","12.482&plusmn;0.024",,,,,,,,,,,,,,,,,12.4380000,0.0230000,-0.0230000,"12.438&plusmn;0.023",12.4760000,0.0230000,-0.0230000,"12.476&plusmn;0.023",12.5130000,0.2770000,-0.2770000,"12.513&plusmn;0.277",9.5880000,,,"9.588",,,,,13.7397000,0.0002170,-0.0002170,"13.739700&plusmn;0.000217",13.3396000,0.0082000,-0.0082000,"13.3396&plusmn;0.0082",0,"BJD","[Fe/H]",,13.804,,,"13.804",,,,,,,,,,,0.16252225015565333,-0.63145104660463824,0.75819264962557520,-419849693,,,,,,0.23374115,0.03836210,-0.03122496,0,"<div><span class="supersubNumber">0.234</span><span class="superscript">+0.038</span><span class="subscript">-0.031</span></div>",2.62000000,0.43000000,-0.35000000,0,"<div><span class="supersubNumber">2.62</span> <span class="superscript">+0.43</span><span class="subscript">-0.35</span> </div>",0.02001700,0.00063800,-0.00036800,0,"<div><span class="supersubNumber">0.020017</span> <span class="superscript">+0.000638</span><span class="subscript">-0.000368</span> </div>",77.890000,,,,,,,,,,"2017-05-08","2017-08-31 00:00","<a refstr=Q1_Q17_DR25_KOI_TABLE href=https://exoplanetarchive.ipac.caltech.edu/docs/Kepler_KOI_docs.html target=ref>Q1-Q17 DR25 KOI Table</a>","2017-05-08",0,1.700000,-1.700000,0,"77.89&plusmn;1.7",0.025000,0.403000,-0.025000,0,"<div><span class="supersubNumber">0.025</span> <span class="superscript">+0.403</span><span class="subscript">-0.025</span> </div>",,,,,,,,,,,,,,,,,,,,,,,,,,,,,,,,,,,,,,,,,,5970.00,107.00,-131.00,0,"<div><span class="supersubNumber">5970</span> <span class="superscript">+107</span><span class="subscript">-131</span> </div>",0.1000,0.1500,-0.1500,0,"0.1&plusmn;0.15",,,,,,,,,,,,,,,,4.317000,0.110000,-0.121000,0,"<div><span class="supersubNumber">4.317</span> <span class="superscript">+0.11</span><span class="subscript">-0.121</span> </div>",,,,0,,1.089000,0.089000,-0.080000,0,"<div><span class="supersubNumber">1.089</span> <span class="superscript">+0.089</span><span class="subscript">-0.08</span> </div>",1.057590,0.023230,-0.343750,0,"<div><span class="supersubNumber">1.05759</span> <span class="superscript">+0.02323</span><span class="subscript">-0.34375</span> </div>",1.200000,0.195000,-0.160000,0,"<div><span class="supersubNumber">1.2</span> <span class="superscript">+0.195</span><span class="subscript">-0.16</span> </div>",0,0,1,0,0,0,0,0,0,0,"Kepler Project Candidate (q1_q17_dr25_koi)",1,8,0,0,0,0,0,0,0,0,0,5.4320160,0.0289553,-0.0289553,"5.4320160&plusmn;0.0289553",-4.3791700,0.0295063,-0.0295063,"-4.3791700&plusmn;0.0295063",-3.2139800,0.0279036,-0.0279036,"-3.2139800&plusmn;0.0279036",1.1500700,0.0149210,-0.0149210,"1.150070&plusmn;0.014921",848.25400000,10.81850000,-10.81850000,"848.2540&plusmn;10.8185",14.6040000,0.0090000,-0.0090000,"14.604&plusmn;0.009",13.8830000,0.0690000,-0.0690000,"13.883&plusmn;0.069",12.7900000,0.0290000,-0.0290000,"12.790&plusmn;0.029",12.5310000,0.0330000,-0.0330000,"12.531&plusmn;0.033",12.4820000,0.0240000,-0.0240000
"KOI-351 e","e","KOI-351",,,"TIC 267667295","Gaia DR2 2132193431285570304","Gaia DR3 2132193431285570304",0,"<a refstr=Q1_Q8_KOI_TABLE href=https://exoplanetarchive.ipac.caltech.edu/docs/Kepler_KOI_docs.html target=ref>Q1-Q8 KOI Table</a>","<a refstr=STASSUN_ET_AL__2019 href=https://ui.adsabs.harvard.edu/abs/2019AJ....158..138S/abstract target=ref>TICv8</a>","2014-01",2013,"Transit","Space","Kepler","Kepler CCD Array","0.95 m Kepler Telescope","<a refstr=CABRERA_ET_AL__2014 href=https://ui.adsabs.harvard.edu/abs/2014ApJ...781...18C/abstract target=ref> Cabrera et al. 2014 </a>",284.4334642,"18h57m44.03s",49.3051239,"+49d18m18.45s",79.26947,19.25567,300.32939,71.22769,91.94069000000,0.00085000000,-0.00085000000,0,"91.94069&plusmn;0.00085",,,,0,,0.4160000000,,,0,".416",89.95000,,,0,"89.95",,,,,,0.000000,,,0,"0",448.00,,,0,"448",,,,,,,,,0,,,,,,,0.04320000,,,0,"0.04320",2454967.29620000,0.00650000,-0.00650000,0,"2454967.2962&plusmn;0.0065",8.9676000,,,0,"8.9676","12.482&plusmn;0.024",,,,,,,,,,,,,,,,,12.4380000,0.0230000,-0.0230000,"12.438&plusmn;0.023",12.4760000,0.0230000,-0.0230000,"12.476&plusmn;0.023",12.5130000,0.2770000,-0.2770000,"12.513&plusmn;0.277",9.5880000,,,"9.588",,,,,13.7397000,0.0002170,-0.0002170,"13.739700&plusmn;0.000217",13.3396000,0.0082000,-0.0082000,"13.3396&plusmn;0.0082",0,"BJD",,,13.804,,,"13.804",,,,,,,,,,,0.16252225015565333,-0.63145104660463824,0.75819264962557520,-419849693,,,,,,0.20073190,0.08742989,-0.08742989,0,"<div><span class="supersubNumber">0.201</span><span class="superscript">+0.087</span><span class="subscript">-0.087</span></div>",2.25000000,0.98000000,-0.98000000,0,"2.25&plusmn;0.98",0.01922000,0.00045000,-0.00045000,0,"0.01922&plusmn;0.00045",76.500000,,,,,,,,,,"2013-10-28","2014-01-08","<a refstr=Q1_Q8_KOI_TABLE href=https://exoplanetarchive.ipac.caltech.edu/docs/Kepler_KOI_docs.html target=ref>Q1-Q8 KOI Table</a>","2013-10-28",0,5.700000,-5.700000,0,"76.5&plusmn;5.7",0.290000,0.100000,-0.100000,0,"0.29&plusmn;0.1",,,,,,,,,,,,,,,,,,,,,,,,,,,,,,,,,,,,,,,,,,6330.00,86.00,-86.00,0,"6330.00&plusmn;86.00",,,,0,,,,,,,,,,,,,,,,,4.430000,0.300000,-0.300000,0,"4.430&plusmn;0.300",0.5300,0.8800,-0.8800,0,"0.53&plusmn;0.88",1.140000,0.120000,-0.120000,0,"1.1400&plusmn;0.1200",,,,0,,1.070000,0.460000,-0.460000,0,"1.0700&plusmn;0.4600",0,0,1,0,0,0,0,0,0,0,"Kepler Project Candidate (q1_q8_koi)",1,8,0,0,0,0,0,0,0,0,0,5.4320160,0.0289553,-0.0289553,"5.4320160&plusmn;0.0289553",-4.3791700,0.0295063,-0.0295063,"-4.3791700&plusmn;0.0295063",-3.2139800,0.0279036,-0.0279036,"-3.2139800&plusmn;0.0279036",1.1500700,0.0149210,-0.0149210,"1.150070&plusmn;0.014921",848.25400000,10.81850000,-10.81850000,"848.2540&plusmn;10.8185",14.6040000,0.0090000,-0.0090000,"14.604&plusmn;0.009",13.8830000,0.0690000,-0.0690000,"13.883&plusmn;0.069",12.7900000,0.0290000,-0.0290000,"12.790&plusmn;0.029",12.5310000,0.0330000,-0.0330000,"12.531&plusmn;0.033",12.4820000,0.0240000,-0.0240000
"KOI-351 g","g","KOI-351",,,"TIC 267667295","Gaia DR2 2132193431285570304","Gaia DR3 2132193431285570304",0,"<a refstr=HOLCZER_ET_AL__2016 href=https://ui.adsabs.harvard.edu/abs/2016ApJS..225....9H/abstract target=ref>Holczer et al. 2016</a>","<a refstr=STASSUN_ET_AL__2019 href=https://ui.adsabs.harvard.edu/abs/2019AJ....158..138S/abstract target=ref>TICv8</a>","2014-01",2013,"Transit","Space","Kepler","Kepler CCD Array","0.95 m Kepler Telescope","<a refstr=CABRERA_ET_AL__2014 href=https://ui.adsabs.harvard.edu/abs/2014ApJ...781...18C/abstract target=ref> Cabrera et al. 2014 </a>",284.4334642,"18h57m44.03s",49.3051239,"+49d18m18.45s",79.26947,19.25567,300.32939,71.22769,210.59351330000,0.00001099000,-0.00001099000,0,"210.59351330&plusmn;0.00001099",,,,,,,,,,,,,,,,,,,,,,,,,,,,,,,,,,,,,,,,,,,,,,0.41980000,,,0,"0.4198",2454980.09910400,0.00850200,-0.00850200,0,"2454980.099104&plusmn;0.008502",11.7698000,,,0,"11.7698","12.482&plusmn;0.024",,,,,,,,,,,,,,,,,12.4380000,0.0230000,-0.0230000,"12.438&plusmn;0.023",12.4760000,0.0230000,-0.0230000,"12.476&plusmn;0.023",12.5130000,0.2770000,-0.2770000,"12.513&plusmn;0.277",9.5880000,,,"9.588",,,,,13.7397000,0.0002170,-0.0002170,"13.739700&plusmn;0.000217",13.3396000,0.0082000,-0.0082000,"13.3396&plusmn;0.0082",0,"BJD","[M/H]",,13.804,,,"13.804",,,,,,,,,,,0.16252225015565333,-0.63145104660463824,0.75819264962557520,-419849693,,,,,,,,,,,,,,,,,,,,,,,,,,,,,,,"2016-07-26","2016-07","<a refstr=STASSUN_ET_AL__2019 href=https://ui.adsabs.harvard.edu/abs/2019AJ....158..138S/abstract target=ref>TICv8</a>","2016-07-28",0,,,,,,,,,,,,,,,,,,,,,,,,,,,,,,,,,,,,,,,,,,,,,,,,,,,6031.13,34.68,-34.68,0,"6031.13&plusmn;34.68",0.0830,0.0330,-0.0330,0,"0.0830&plusmn;0.0330",,,,,,,,,,,0.26853,,,0,"0.2685314",4.295040,,,0,"4.29504",,,,,,1.120000,,,0,"1.12",0.812869,,,0,"0.8128692",1.247730,,,0,"1.24773",1,0,1,0,0,0,0,0,0,0,"Published Confirmed",1,8,0,0,0,0,0,0,0,0,0,5.4320160,0.0289553,-0.0289553,"5.4320160&plusmn;0.0289553",-4.3791700,0.0295063,-0.0295063,"-4.3791700&plusmn;0.0295063",-3.2139800,0.0279036,-0.0279036,"-3.2139800&plusmn;0.0279036",1.1500700,0.0149210,-0.0149210,"1.150070&plusmn;0.014921",848.25400000,10.81850000,-10.81850000,"848.2540&plusmn;10.8185",14.6040000,0.0090000,-0.0090000,"14.604&plusmn;0.009",13.8830000,0.0690000,-0.0690000,"13.883&plusmn;0.069",12.7900000,0.0290000,-0.0290000,"12.790&plusmn;0.029",12.5310000,0.0330000,-0.0330000,"12.531&plusmn;0.033",12.4820000,0.0240000,-0.0240000
"KOI-351 g","g","KOI-351",,,"TIC 267667295","Gaia DR2 2132193431285570304","Gaia DR3 2132193431285570304",0,"<a refstr=Q1_Q8_KOI_TABLE href=https://exoplanetarchive.ipac.caltech.edu/docs/Kepler_KOI_docs.html target=ref>Q1-Q8 KOI Table</a>","<a refstr=STASSUN_ET_AL__2019 href=https://ui.adsabs.harvard.edu/abs/2019AJ....158..138S/abstract target=ref>TICv8</a>","2014-01",2013,"Transit","Space","Kepler","Kepler CCD Array","0.95 m Kepler Telescope","<a refstr=CABRERA_ET_AL__2014 href=https://ui.adsabs.harvard.edu/abs/2014ApJ...781...18C/abstract target=ref> Cabrera et al. 2014 </a>",284.4334642,"18h57m44.03s",49.3051239,"+49d18m18.45s",79.26947,19.25567,300.32939,71.22769,210.59659000000,0.00040000000,-0.00040000000,0,"210.59659&plusmn;0.0004",,,,0,,0.7240000000,,,0,".724",89.95000,,,0,"89.95",,,,,,0.000000,,,0,"0",340.00,,,0,"340",,,,,,,,,0,,,,,,,0.40730000,,,0,"0.40730",2454980.08560000,0.00120000,-0.00120000,0,"2454980.0856&plusmn;0.0012",12.2293000,,,0,"12.2293","12.482&plusmn;0.024",,,,,,,,,,,,,,,,,12.4380000,0.0230000,-0.0230000,"12.438&plusmn;0.023",12.4760000,0.0230000,-0.0230000,"12.476&plusmn;0.023",12.5130000,0.2770000,-0.2770000,"12.513&plusmn;0.277",9.5880000,,,"9.588",,,,,13.7397000,0.0002170,-0.0002170,"13.739700&plusmn;0.000217",13.3396000,0.0082000,-0.0082000,"13.3396&plusmn;0.0082",0,"BJD",,,13.804,,,"13.804",,,,,,,,,,,0.16252225015565333,-0.63145104660463824,0.75819264962557520,-419849693,,,,,,0.60665641,0.26764253,-0.26764253,0,"<div><span class="supersubNumber">0.607</span><span class="superscript">+0.268</span><span class="subscript">-0.268</span></div>",6.80000000,3.00000000,-3.00000000,0,"6.8&plusmn;3",0.05841000,0.00040000,-0.00040000,0,"0.05841&plusmn;0.0004",133.000000,,,,,,,,,,"2013-10-28","2014-01-08","<a refstr=Q1_Q8_KOI_TABLE href=https://exoplanetarchive.ipac.caltech.edu/docs/Kepler_KOI_docs.html target=ref>Q1-Q8 KOI Table</a>","2013-10-28",0,10.000000,-10.000000,0,"133&plusmn;10",0.313000,0.100000,-0.100000,0,"0.313&plusmn;0.1",,,,,,,,,,,,,,,,,,,,,,,,,,,,,,,,,,,,,,,,,,6330.00,86.00,-86.00,0,"6330.00&plusmn;86.00",,,,0,,,,,,,,,,,,,,,,,4.430000,0.300000,-0.300000,0,"4.430&plusmn;0.300",0.5300,0.8800,-0.8800,0,"0.53&plusmn;0.88",1.140000,0.120000,-0.120000,0,"1.1400&plusmn;0.1200",,,,0,,1.070000,0.460000,-0.460000,0,"1.0700&plusmn;0.4600",1,0,1,0,0,0,0,0,0,0,"Kepler Project Candidate (q1_q8_koi)",1,8,0,0,0,0,0,0,0,0,0,5.4320160,0.0289553,-0.0289553,"5.4320160&plusmn;0.0289553",-4.3791700,0.0295063,-0.0295063,"-4.3791700&plusmn;0.0295063",-3.2139800,0.0279036,-0.0279036,"-3.2139800&plusmn;0.0279036",1.1500700,0.0149210,-0.0149210,"1.150070&plusmn;0.014921",848.25400000,10.81850000,-10.81850000,"848.2540&plusmn;10.8185",14.6040000,0.0090000,-0.0090000,"14.604&plusmn;0.009",13.8830000,0.0690000,-0.0690000,"13.883&plusmn;0.069",12.7900000,0.0290000,-0.0290000,"12.790&plusmn;0.029",12.5310000,0.0330000,-0.0330000,"12.531&plusmn;0.033",12.4820000,0.0240000,-0.0240000
"KOI-351 c","c","KOI-351",,,"TIC 267667295","Gaia DR2 2132193431285570304","Gaia DR3 2132193431285570304",0,"<a refstr=Q1_Q12_KOI_TABLE href=https://exoplanetarchive.ipac.caltech.edu/docs/Kepler_KOI_docs.html target=ref>Q1-Q12 KOI Table</a>","<a refstr=STASSUN_ET_AL__2019 href=https://ui.adsabs.harvard.edu/abs/2019AJ....158..138S/abstract target=ref>TICv8</a>","2014-01",2013,"Transit","Space","Kepler","Kepler CCD Array","0.95 m Kepler Telescope","<a refstr=CABRERA_ET_AL__2014 href=https://ui.adsabs.harvard.edu/abs/2014ApJ...781...18C/abstract target=ref> Cabrera et al. 2014 </a>",284.4334642,"18h57m44.03s",49.3051239,"+49d18m18.45s",79.26947,19.25567,300.32939,71.22769,8.71982853000,0.00006248000,-0.00006248000,0,"8.71982853&plusmn;6.248e-05",,,,0,,0.0821000000,,,0,".0821",89.95000,,,0,"89.95",,,,,,0.000000,,,0,"0",986.00,,,0,"986",,,,,,223.3500,262.6900,-78.8600,0,"<div><span class="supersubNumber">223.35</span> <span class="superscript">+262.69</span><span class="subscript">-78.86</span> </div>",,,,,,0.01470000,0.00087000,-0.00087000,0,"0.01470&plusmn0.00087",2454972.52174000,0.00551000,-0.00551000,0,"2454972.522&plusmn;0.00551",3.7740000,0.1740000,-0.1740000,0,"3.774&plusmn;0.174","12.482&plusmn;0.024",,,,,,,,,,,,,,,,,12.4380000,0.0230000,-0.0230000,"12.438&plusmn;0.023",12.4760000,0.0230000,-0.0230000,"12.476&plusmn;0.023",12.5130000,0.2770000,-0.2770000,"12.513&plusmn;0.277",9.5880000,,,"9.588",,,,,13.7397000,0.0002170,-0.0002170,"13.739700&plusmn;0.000217",13.3396000,0.0082000,-0.0082000,"13.3396&plusmn;0.0082",0,"BJD","[Fe/H]",,13.804,,,"13.804",,,,,,,,,,,0.16252225015565333,-0.63145104660463824,0.75819264962557520,-419849693,,,,,,0.11508629,0.04371495,-0.01605855,0,"<div><span class="supersubNumber">0.115</span><span class="superscript">+0.044</span><span class="subscript">-0.016</span></div>",1.29000000,0.49000000,-0.18000000,0,"<div><span class="supersubNumber">1.29</span> <span class="superscript">+0.49</span><span class="subscript">-0.18</span> </div>",0.01116800,0.00053400,-0.00031700,0,"<div><span class="supersubNumber">0.011168</span> <span class="superscript">+0.000534</span><span class="subscript">-0.000317</span> </div>",17.800000,,,,,,,,,,"2014-11-18","2014-12-04","<a refstr=Q1_Q12_KOI_TABLE href=https://exoplanetarchive.ipac.caltech.edu/docs/Kepler_KOI_docs.html target=ref>Q1-Q12 KOI Table</a>","2014-11-18",0,3.000000,-3.000000,0,"17.8&plusmn;3",0.081800,0.364200,-0.081700,0,"<div><span class="supersubNumber">0.0818</span> <span class="superscript">+0.3642</span><span class="subscript">-0.0817</span> </div>",,,,,,,,,,,,,,,,,,,,,,,,,,,,,,,,,,,,,,,,,,6238.00,195.00,-227.00,0,"<div><span class="supersubNumber">6238.00</span> <span class="superscript">+195.00</span><span class="subscript">-227.00</span> </div>",-0.4000,0.2800,-0.3000,0,"<div><span class="supersubNumber">-0.400</span> <span class="superscript">+0.280</span><span class="subscript">-0.300</span> </div>",,,,,,,,,,,,,,,,4.378000,0.099000,-0.264000,0,"<div><span class="supersubNumber">4.378</span> <span class="superscript">+0.099</span><span class="subscript">-0.264</span> </div>",,,,0,,0.967000,0.144000,-0.112000,0,"<div><span class="supersubNumber">0.9670</span> <span class="superscript">+0.1440</span><span class="subscript">-0.1120</span> </div>",1.403430,0.234140,-0.536210,0,"<div><span class="supersubNumber">1.40343</span> <span class="superscript">+0.23414</span><span class="subscript">-0.53621</span> </div>",1.054000,0.408000,-0.141000,0,"<div><span class="supersubNumber">1.0540</span> <span class="superscript">+0.4080</span><span class="subscript">-0.1410</span> </div>",0,0,1,0,0,0,0,0,0,0,"Kepler Project Candidate (q1_q12_koi)",1,8,0,0,0,0,0,0,0,0,0,5.4320160,0.0289553,-0.0289553,"5.4320160&plusmn;0.0289553",-4.3791700,0.0295063,-0.0295063,"-4.3791700&plusmn;0.0295063",-3.2139800,0.0279036,-0.0279036,"-3.2139800&plusmn;0.0279036",1.1500700,0.0149210,-0.0149210,"1.150070&plusmn;0.014921",848.25400000,10.81850000,-10.81850000,"848.2540&plusmn;10.8185",14.6040000,0.0090000,-0.0090000,"14.604&plusmn;0.009",13.8830000,0.0690000,-0.0690000,"13.883&plusmn;0.069",12.7900000,0.0290000,-0.0290000,"12.790&plusmn;0.029",12.5310000,0.0330000,-0.0330000,"12.531&plusmn;0.033",12.4820000,0.0240000,-0.0240000
